property_id,suburb,postcode,address,sale_date,sale_price,bedrooms,bathrooms,parking,land_size_m2,reported_land_size_m2,property_type,source_page,verification_url,verification_status,land_size_quality,needs_land_imputation,land_size_note,input_land_size_m2,modelling_land_note,model_land_missing,unit_style_address,outer_fold,oof_ridge_regression,oof_k_nearest_neighbours,oof_random_forest,oof_overall_median,oof_suburb_median,predicted_sale_price,signed_error_AUD,absolute_error_AUD,absolute_percentage_error
1,Mosman,2088,"177A Spit Road, Mosman NSW 2088",2026-09-16,3200000,3,2,2,245.0,245.0,House,"https://www.realestate.com.au/sold/property-house-in-mosman,+nsw+2088/list-1",https://www.realestate.com.au/property/177a-spit-rd-mosman-nsw-2088/,individual_property_page_checked,recovered,no,Missing land size recovered from the individual Realestate.com.au property page.,245.0,Use supplied land_size_m2; preserve existing missing values.,False,0,4,4067013.3041852904,3913562.2524791346,4825834.743576335,1666000.0,6475000.0,4067013.3041852904,867013.3041852904,867013.3041852904,27.09416575579032
2,Mosman,2088,"5 Botanic Road, Mosman NSW 2088",2026-07-22,8700000,4,3,2,437.0,437.0,House,"https://www.realestate.com.au/sold/property-house-in-mosman,+nsw+2088/list-1",https://www.realestate.com.au/property/5-botanic-rd-mosman-nsw-2088/,individual_property_page_checked,recovered,no,Missing land size recovered from the individual Realestate.com.au property page.,437.0,Use supplied land_size_m2; preserve existing missing values.,False,0,2,5807885.482665878,4823442.514689234,5154771.035010186,1725000.0,5500000.0,5807885.482665878,-2892114.517334122,2892114.517334122,33.242695601541634
3,Mosman,2088,"105 Holt Avenue, Mosman NSW 2088",2026-06-05,3550000,4,3,0,,,House,"https://www.realestate.com.au/sold/property-house-in-mosman,+nsw+2088/list-1",https://www.realestate.com.au/property/105-holt-ave-mosman-nsw-2088/,individual_property_page_checked,unavailable,yes,Land size unavailable; impute within each training fold only.,,Use supplied land_size_m2; preserve existing missing values.,True,0,4,4466261.391530494,871346.3512042766,5617757.10400375,1666000.0,6475000.0,4466261.391530494,916261.3915304942,916261.3915304942,25.810180043112513
4,Mosman,2088,"96 Glover Street, Mosman NSW 2088",2026-06-02,3390000,4,3,2,379.0,379.0,House,"https://www.realestate.com.au/sold/property-house-in-mosman,+nsw+2088/list-1",,sold_search_page_only,available,no,Land size retained from the sold-search dataset.,379.0,Use supplied land_size_m2; preserve existing missing values.,False,0,4,5605763.618485287,7990901.119107231,6254647.996819502,1666000.0,6475000.0,5605763.618485287,2215763.618485287,2215763.618485287,65.36175865738309
5,Mosman,2088,"14 Erith Street, Mosman NSW 2088",2026-04-11,5300000,4,3,1,613.0,613.0,House,"https://www.realestate.com.au/sold/property-house-in-mosman,+nsw+2088/list-1",,sold_search_page_only,available,no,Land size retained from the sold-search dataset.,613.0,Use supplied land_size_m2; preserve existing missing values.,False,0,3,6250424.52227378,5711406.103687316,6076584.706058375,1711000.0,5475000.0,6250424.52227378,950424.5222737798,950424.5222737798,17.932538156109054
6,Mosman,2088,"130 Cowles Road, Mosman NSW 2088",2026-04-11,4200000,5,2,1,412.0,412.0,House,"https://www.realestate.com.au/sold/property-house-in-mosman,+nsw+2088/list-1",https://www.realestate.com.au/property/130-cowles-rd-mosman-nsw-2088/,individual_property_page_checked,recovered,no,Missing land size recovered from the individual Realestate.com.au property page.,412.0,Use supplied land_size_m2; preserve existing missing values.,False,0,5,4984773.348892798,4377471.540158835,5057048.419997819,1760500.0,5240000.0,4984773.348892798,784773.3488927977,784773.3488927977,18.685079735542804
7,Mosman,2088,"17 Morella Road, Mosman NSW 2088",2026-03-31,23000000,4,3,2,961.1,961.1,House,"https://www.realestate.com.au/sold/property-house-in-mosman,+nsw+2088/list-1",,sold_search_page_only,available,no,Land size retained from the sold-search dataset.,961.1,Use supplied land_size_m2; preserve existing missing values.,False,0,3,8900513.843659582,10438528.442636872,11964300.251571871,1711000.0,5475000.0,8900513.843659582,-14099486.156340418,14099486.156340418,61.30211372321921
8,Mosman,2088,"34 Rickard Avenue, Mosman NSW 2088",2026-03-27,9000000,7,3,2,721.0,721.0,House,"https://www.realestate.com.au/sold/property-house-in-mosman,+nsw+2088/list-1",https://www.realestate.com.au/property/34-rickard-ave-mosman-nsw-2088/,individual_property_page_checked,recovered,no,Missing land size recovered from the individual Realestate.com.au property page.,721.0,Use supplied land_size_m2; preserve existing missing values.,False,0,2,9646918.753310539,6585346.703689905,13123802.12741794,1725000.0,5500000.0,9646918.753310539,646918.7533105388,646918.7533105388,7.187986147894875
9,Mosman,2088,"10 Cyprian Street, Mosman NSW 2088",2026-03-27,8500000,4,3,2,556.4,556.4,House,"https://www.realestate.com.au/sold/property-house-in-mosman,+nsw+2088/list-1",,sold_search_page_only,available,no,Land size retained from the sold-search dataset.,556.4,Use supplied land_size_m2; preserve existing missing values.,False,0,2,6657535.019571282,4858275.218081487,5654470.395233151,1725000.0,5500000.0,6657535.019571282,-1842464.980428718,1842464.980428718,21.676058593279034
10,Mosman,2088,"29 Pearl Bay Avenue, Mosman NSW 2088",2026-03-20,7198000,4,3,3,658.0,658.0,House,"https://www.realestate.com.au/sold/property-house-in-mosman,+nsw+2088/list-1",https://www.realestate.com.au/property/29-pearl-bay-ave-mosman-nsw-2088/,individual_property_page_checked,recovered,no,Missing land size recovered from the individual Realestate.com.au property page.,658.0,Use supplied land_size_m2; preserve existing missing values.,False,0,3,6795711.79022693,5566723.763705044,7464495.125481448,1711000.0,5475000.0,6795711.79022693,-402288.2097730702,402288.2097730702,5.5888887159359575
11,Mosman,2088,"31 Ryrie Street, Mosman NSW 2088",2026-03-07,3900000,5,3,2,624.0,624.0,House,"https://www.realestate.com.au/sold/property-house-in-mosman,+nsw+2088/list-1",,sold_search_page_only,available,no,Land size retained from the sold-search dataset.,624.0,Use supplied land_size_m2; preserve existing missing values.,False,0,2,7644141.200820494,8378750.430783266,6462958.558356368,1725000.0,5500000.0,7644141.200820494,3744141.2008204944,3744141.2008204944,96.00362053385882
12,Mosman,2088,"53 Clanalpine Street, Mosman NSW 2088",2026-03-06,7700000,5,5,4,511.0,511.0,House,"https://www.realestate.com.au/sold/property-house-in-mosman,+nsw+2088/list-1",,sold_search_page_only,available,no,Land size retained from the sold-search dataset.,511.0,Use supplied land_size_m2; preserve existing missing values.,False,0,5,8761286.096677996,7970662.9959645895,5692186.945798314,1760500.0,5240000.0,8761286.096677996,1061286.0966779962,1061286.0966779962,13.782936320493457
13,Mosman,2088,"33 Spofforth Street, Mosman NSW 2088",2026-03-02,5075000,4,3,3,462.0,462.0,House,"https://www.realestate.com.au/sold/property-house-in-mosman,+nsw+2088/list-1",https://www.realestate.com.au/property/33-spofforth-st-mosman-nsw-2088/,individual_property_page_checked,recovered,no,Missing land size recovered from the individual Realestate.com.au property page.,462.0,Use supplied land_size_m2; preserve existing missing values.,False,0,1,6049297.498448865,5965455.417337285,5662499.091826236,1686000.0,6624000.0,6049297.498448865,974297.4984488646,974297.4984488646,19.197980265002258
14,Mosman,2088,"1 Bray Street, Mosman NSW 2088",2026-02-27,3750000,3,2,1,296.0,296.0,House,"https://www.realestate.com.au/sold/property-house-in-mosman,+nsw+2088/list-1",,sold_search_page_only,available,no,Land size retained from the sold-search dataset.,296.0,Use supplied land_size_m2; preserve existing missing values.,False,0,1,4021160.932476019,3678285.28304405,3900799.700747121,1686000.0,6624000.0,4021160.932476019,271160.932476019,271160.932476019,7.230958199360508
15,Mosman,2088,"46 Spencer Road, Mosman NSW 2088",2026-02-16,3990000,4,2,0,233.0,233.0,House,"https://www.realestate.com.au/sold/property-house-in-mosman,+nsw+2088/list-1",https://www.realestate.com.au/property/46-spencer-rd-mosman-nsw-2088/,individual_property_page_checked,available,no,Land size retained from the sold-search dataset.,233.0,Use supplied land_size_m2; preserve existing missing values.,False,0,3,3771182.342612159,3767031.7260557585,3701642.390847341,1711000.0,5475000.0,3771182.342612159,-218817.65738784103,218817.65738784103,5.4841518142316055
16,Mosman,2088,"6 Lavoni Street, Mosman NSW 2088",2025-12-05,11550000,7,4,3,715.0,715.0,House,"https://www.realestate.com.au/sold/property-house-in-mosman,+nsw+2088/list-1",,sold_search_page_only,available,no,Land size retained from the sold-search dataset.,715.0,Use supplied land_size_m2; preserve existing missing values.,False,0,4,10513477.227772536,12502612.856688915,8924159.622470513,1666000.0,6475000.0,10513477.227772536,-1036522.7722274642,1036522.7722274642,8.974223136168522
17,Mosman,2088,"22B Inkerman Street, Mosman NSW 2088",2025-12-05,6900000,4,3,2,404.0,404.0,House,"https://www.realestate.com.au/sold/property-house-in-mosman,+nsw+2088/list-1",https://www.realestate.com.au/property/22b-inkerman-st-mosman-nsw-2088/,individual_property_page_checked,recovered,no,Missing land size recovered from the individual Realestate.com.au property page.,404.0,Use supplied land_size_m2; preserve existing missing values.,False,0,1,5530165.5894794045,6305399.863359695,4442058.782206306,1686000.0,6624000.0,5530165.5894794045,-1369834.4105205955,1369834.4105205955,19.852672616240515
18,Mosman,2088,"26 Vista Street, Mosman NSW 2088",2025-12-05,4320000,4,2,1,321.0,321.0,House,"https://www.realestate.com.au/sold/property-house-in-mosman,+nsw+2088/list-1",,sold_search_page_only,available,no,Land size retained from the sold-search dataset.,321.0,Use supplied land_size_m2; preserve existing missing values.,False,0,2,4312437.282042325,3636265.7327549965,3652845.549174773,1725000.0,5500000.0,4312437.282042325,-7562.717957675457,7562.717957675457,0.17506291568693189
19,Mosman,2088,"56 Spencer Road, Mosman NSW 2088",2025-11-22,3850000,4,3,0,226.0,226.0,House,"https://www.realestate.com.au/sold/property-house-in-mosman,+nsw+2088/list-1",https://www.realestate.com.au/property/56-spencer-rd-mosman-nsw-2088/,individual_property_page_checked,recovered,no,Missing land size recovered from the individual Realestate.com.au property page.,226.0,Use supplied land_size_m2; preserve existing missing values.,False,0,1,4336289.416192542,4489575.877972249,4017363.9480571127,1686000.0,6624000.0,4336289.416192542,486289.41619254183,486289.41619254183,12.63089392707901
20,Mosman,2088,"15 Balmoral Avenue, Mosman NSW 2088",2025-11-19,15880000,5,4,2,788.0,788.0,House,"https://www.realestate.com.au/sold/property-house-in-mosman,+nsw+2088/list-1",,sold_search_page_only,available,no,Land size retained from the sold-search dataset.,788.0,Use supplied land_size_m2; preserve existing missing values.,False,0,1,9801815.805518823,9851304.220348984,12707396.332440073,1686000.0,6624000.0,9801815.805518823,-6078184.194481177,6078184.194481177,38.27571910882354
21,Mosman,2088,"30 Beauty Point Road, Mosman NSW 2088",2025-11-17,11000000,5,5,3,879.0,879.0,House,"https://www.realestate.com.au/sold/property-house-in-mosman,+nsw+2088/list-1",,sold_search_page_only,available,no,Land size retained from the sold-search dataset.,879.0,Use supplied land_size_m2; preserve existing missing values.,False,0,5,13029217.307429766,8595413.904458694,11567875.83059742,1760500.0,5240000.0,13029217.307429766,2029217.3074297663,2029217.3074297663,18.44743006754333
22,Mosman,2088,"94A Raglan Street, Mosman NSW 2088",2025-11-15,3700000,3,2,1,224.0,224.0,House,"https://www.realestate.com.au/sold/property-house-in-mosman,+nsw+2088/list-1",https://www.realestate.com.au/property/94a-raglan-st-mosman-nsw-2088/,individual_property_page_checked,recovered,no,Missing land size recovered from the individual Realestate.com.au property page.,224.0,Use supplied land_size_m2; preserve existing missing values.,False,0,1,3734218.0184664177,3678285.28304405,3900799.700747121,1686000.0,6624000.0,3734218.0184664177,34218.01846641768,34218.01846641768,0.9248113099031805
23,Mosman,2088,"7 Cross Street, Mosman NSW 2088",2025-11-14,10100000,6,3,2,695.6,695.6,House,"https://www.realestate.com.au/sold/property-house-in-mosman,+nsw+2088/list-1",,sold_search_page_only,available,no,Land size retained from the sold-search dataset.,695.6,Use supplied land_size_m2; preserve existing missing values.,False,0,5,8373959.970833127,8319689.546565349,9471676.881967552,1760500.0,5240000.0,8373959.970833127,-1726040.0291668726,1726040.0291668726,17.089505239275965
24,Mosman,2088,"110 Awaba Street, Mosman NSW 2088",2025-10-30,5230000,5,4,1,479.1,479.1,House,"https://www.realestate.com.au/sold/property-house-in-mosman,+nsw+2088/list-1",,sold_search_page_only,available,no,Land size retained from the sold-search dataset.,479.1,Use supplied land_size_m2; preserve existing missing values.,False,0,4,7269207.693730102,5412983.163662987,5278283.604722502,1666000.0,6475000.0,7269207.693730102,2039207.693730102,2039207.693730102,38.990586878204624
25,Mosman,2088,"40 Stanley Avenue, Mosman NSW 2088",2025-10-09,20000000,5,5,2,920.0,920.0,House,"https://www.realestate.com.au/sold/property-house-in-mosman,+nsw+2088/list-2",,sold_search_page_only,available,no,Land size retained from the sold-search dataset.,920.0,Use supplied land_size_m2; preserve existing missing values.,False,0,5,13308419.704401169,12233543.56973326,11606449.628840974,1760500.0,5240000.0,13308419.704401169,-6691580.295598831,6691580.295598831,33.457901477994156
26,Mosman,2088,"35 Lang Street, Mosman NSW 2088",2025-09-27,5250000,5,3,1,468.0,468.0,House,"https://www.realestate.com.au/sold/property-house-in-mosman,+nsw+2088/list-2",,sold_search_page_only,available,no,Land size retained from the sold-search dataset.,468.0,Use supplied land_size_m2; preserve existing missing values.,False,0,2,6171614.701146904,4327252.033173989,5219513.891691333,1725000.0,5500000.0,6171614.701146904,921614.7011469044,921614.7011469044,17.55456573613151
27,Mosman,2088,"16 Bay Street, Mosman NSW 2088",2025-09-20,7350000,5,4,3,806.0,806.0,House,"https://www.realestate.com.au/sold/property-house-in-mosman,+nsw+2088/list-2",,sold_search_page_only,available,no,Land size retained from the sold-search dataset.,806.0,Use supplied land_size_m2; preserve existing missing values.,False,0,4,11133973.811852142,15543919.87045677,15487620.265245987,1666000.0,6475000.0,11133973.811852142,3783973.811852142,3783973.811852142,51.482636895947515
28,Mosman,2088,"34 Harbour Street, Mosman NSW 2088",2025-09-20,3400000,4,1,1,261.0,261.0,House,"https://www.realestate.com.au/sold/property-house-in-mosman,+nsw+2088/list-2",https://www.realestate.com.au/property/34-harbour-st-mosman-nsw-2088/,individual_property_page_checked,recovered,no,Missing land size recovered from the individual Realestate.com.au property page.,261.0,Use supplied land_size_m2; preserve existing missing values.,False,0,3,3501547.165075454,3744592.1022507683,3628822.0264056954,1711000.0,5475000.0,3501547.165075454,101547.16507545393,101547.16507545393,2.986681325748645
29,Mosman,2088,"27 Prince Street, Mosman NSW 2088",2025-08-30,3600000,3,1,1,300.0,300.0,House,"https://www.realestate.com.au/sold/property-house-in-mosman,+nsw+2088/list-2",,sold_search_page_only,available,no,Land size retained from the sold-search dataset.,300.0,Use supplied land_size_m2; preserve existing missing values.,False,0,4,3697007.0264400016,3613299.57292889,3771091.075929976,1666000.0,6475000.0,3697007.0264400016,97007.02644000156,97007.02644000156,2.6946396233333765
30,Mosman,2088,"3 Want Street, Mosman NSW 2088",2025-08-23,3325000,4,1,0,246.0,246.0,House,"https://www.realestate.com.au/sold/property-house-in-mosman,+nsw+2088/list-2",https://www.realestate.com.au/property/3-want-st-mosman-nsw-2088/,individual_property_page_checked,recovered,no,Missing land size recovered from the individual Realestate.com.au property page.,246.0,Use supplied land_size_m2; preserve existing missing values.,False,0,1,3363411.3269050024,3655258.5762333884,3900799.700747121,1686000.0,6624000.0,3363411.3269050024,38411.32690500235,38411.32690500235,1.155227876842176
31,Mosman,2088,"5 The Grove, Mosman NSW 2088",2025-08-16,11360000,4,3,4,660.0,660.0,House,"https://www.realestate.com.au/sold/property-house-in-mosman,+nsw+2088/list-2",,sold_search_page_only,available,no,Land size retained from the sold-search dataset.,660.0,Use supplied land_size_m2; preserve existing missing values.,False,0,3,6948265.282640951,3413770.143642289,7364484.642981433,1711000.0,5475000.0,6948265.282640951,-4411734.717359049,4411734.717359049,38.835692934498674
32,Mosman,2088,"46 Royalist Road, Mosman NSW 2088",2025-08-09,5700000,5,3,2,468.0,468.0,House,"https://www.realestate.com.au/sold/property-house-in-mosman,+nsw+2088/list-2",,sold_search_page_only,available,no,Land size retained from the sold-search dataset.,468.0,Use supplied land_size_m2; preserve existing missing values.,False,0,5,6176764.960497238,6070932.639250268,5694799.836711697,1760500.0,5240000.0,6176764.960497238,476764.96049723774,476764.96049723774,8.364297552583118
33,Mosman,2088,"16 Upper Spit Road, Mosman NSW 2088",2025-08-02,6050000,5,5,2,712.0,712.0,House,"https://www.realestate.com.au/sold/property-house-in-mosman,+nsw+2088/list-2",https://www.realestate.com.au/property/16-upper-spit-rd-mosman-nsw-2088/,individual_property_page_checked,recovered,no,Missing land size recovered from the individual Realestate.com.au property page.,712.0,Use supplied land_size_m2; preserve existing missing values.,False,0,2,10951916.600930737,12077484.093016151,13355172.286150504,1725000.0,5500000.0,10951916.600930737,4901916.600930737,4901916.600930737,81.02341489141715
34,Mosman,2088,"37 Carrington Avenue, Mosman NSW 2088",2025-06-12,21500000,5,4,2,751.0,751.0,House,"https://www.realestate.com.au/sold/property-house-in-mosman,+nsw+2088/list-2",https://www.realestate.com.au/property/37-carrington-ave-mosman-nsw-2088/,individual_property_page_checked,recovered,no,Missing land size recovered from the individual Realestate.com.au property page.,751.0,Use supplied land_size_m2; preserve existing missing values.,False,0,3,8742304.262363087,11609443.205420682,9422416.407911418,1711000.0,5475000.0,8742304.262363087,-12757695.737636913,12757695.737636913,59.33811970993912
35,Mosman,2088,"67 Raglan Street, Mosman NSW 2088",2025-06-06,9650000,5,3,2,904.0,904.0,House,"https://www.realestate.com.au/sold/property-house-in-mosman,+nsw+2088/list-2",,sold_search_page_only,available,no,Land size retained from the sold-search dataset.,904.0,Use supplied land_size_m2; preserve existing missing values.,False,0,5,10192580.6107193,20057458.3240779,11575355.619903626,1760500.0,5240000.0,10192580.6107193,542580.6107193008,542580.6107193008,5.622597002272547
36,Parramatta,2150,"124 Thomas Street, Parramatta NSW 2150",2026-06-27,2300000,3,1,1,739.0,739.0,House,https://www.realestate.com.au/sold/property-house-in-parramatta/list-1,,sold_search_page_only,available,no,Land size retained from the sold-search dataset.,739.0,Use supplied land_size_m2; preserve existing missing values.,False,0,3,1845132.1539911975,1702841.3367754444,1411851.3495684834,1711000.0,1666000.0,1845132.1539911975,-454867.84600880253,454867.84600880253,19.776862869947934
37,Parramatta,2150,"11 Pemberton Street, Parramatta NSW 2150",2026-05-27,1610000,3,1,1,461.6,461.6,House,https://www.realestate.com.au/sold/property-house-in-parramatta/list-1,,sold_search_page_only,available,no,Land size retained from the sold-search dataset.,461.6,Use supplied land_size_m2; preserve existing missing values.,False,0,3,1414881.184060825,1479999.999999999,1328170.7855562563,1711000.0,1666000.0,1414881.184060825,-195118.81593917497,195118.81593917497,12.11918111423447
38,Parramatta,2150,"51 Gore Street, Parramatta NSW 2150",2026-05-16,1480000,3,1,1,461.6,461.6,House,https://www.realestate.com.au/sold/property-house-in-parramatta/list-1,,sold_search_page_only,available,no,Land size retained from the sold-search dataset.,461.6,Use supplied land_size_m2; preserve existing missing values.,False,0,1,1383373.063653164,1666899.1814486925,1627265.1116923417,1686000.0,1666000.0,1383373.063653164,-96626.93634683592,96626.93634683592,6.528847050461887
39,Parramatta,2150,"28 Marsden Street, Parramatta NSW 2150",2026-05-02,1555000,3,1,1,505.9,505.9,House,https://www.realestate.com.au/sold/property-house-in-parramatta/list-1,,sold_search_page_only,available,no,Land size retained from the sold-search dataset.,505.9,Use supplied land_size_m2; preserve existing missing values.,False,0,2,1470296.3794055595,1590953.9135429517,1551473.409478299,1725000.0,1680000.0,1470296.3794055595,-84703.6205944405,84703.6205944405,5.447178173275916
40,Parramatta,2150,"13 Morton Street, Parramatta NSW 2150",2026-04-20,1800000,4,3,2,461.6,461.6,House,https://www.realestate.com.au/sold/property-house-in-parramatta/list-1,,sold_search_page_only,available,no,Land size retained from the sold-search dataset.,461.6,Use supplied land_size_m2; preserve existing missing values.,False,0,4,2019083.2261052248,1955184.492067745,1938399.2565463162,1666000.0,1666000.0,2019083.2261052248,219083.2261052248,219083.2261052248,12.171290339179155
41,Parramatta,2150,"58 Crimea Street, Parramatta NSW 2150",2026-02-09,1620000,3,2,2,613.4,613.4,House,https://www.realestate.com.au/sold/property-house-in-parramatta/list-1,,sold_search_page_only,available,no,Land size retained from the sold-search dataset.,613.4,Use supplied land_size_m2; preserve existing missing values.,False,0,4,2049095.80421244,1495721.139806584,1664475.2122974175,1666000.0,1666000.0,2049095.80421244,429095.80421244004,429095.80421244004,26.487395321755557
42,Parramatta,2150,"114 Thomas Street, Parramatta NSW 2150",2025-12-13,1360000,3,2,1,381.0,381.0,House,https://www.realestate.com.au/sold/property-house-in-parramatta/list-1,,sold_search_page_only,available,no,Land size retained from the sold-search dataset.,381.0,Use supplied land_size_m2; preserve existing missing values.,False,0,2,1450801.2374592607,1548998.3167827036,1452728.4649543606,1725000.0,1680000.0,1450801.2374592607,90801.23745926074,90801.23745926074,6.67656157788682
43,Parramatta,2150,"7 Trott Street, Parramatta NSW 2150",2025-12-06,1150000,2,1,2,289.0,289.0,House,https://www.realestate.com.au/sold/property-house-in-parramatta/list-1,https://www.realestate.com.au/property/7-trott-st-parramatta-nsw-2150/,individual_property_page_checked,recovered,no,Missing land size recovered from the individual Realestate.com.au property page.,289.0,Use supplied land_size_m2; preserve existing missing values.,False,0,1,1146762.4874763854,1407487.5076814545,1305069.7613438652,1686000.0,1666000.0,1146762.4874763854,-3237.5125236145686,3237.5125236145686,0.28152282814039725
44,Parramatta,2150,"38 Inkerman Street, Parramatta NSW 2150",2025-11-15,2010500,3,2,4,698.6,698.6,House,https://www.realestate.com.au/sold/property-house-in-parramatta/list-1,,sold_search_page_only,available,no,Land size retained from the sold-search dataset.,698.6,Use supplied land_size_m2; preserve existing missing values.,False,0,3,2129762.0907633295,1320719.4840042295,1577847.9250414323,1711000.0,1666000.0,2129762.0907633295,119262.09076332953,119262.09076332953,5.9319617390365345
45,Parramatta,2150,"71 Pitt Street, Parramatta NSW 2150",2025-09-27,1771000,6,2,5,455.3,455.3,House,https://www.realestate.com.au/sold/property-house-in-parramatta/list-1,,sold_search_page_only,available,no,Land size retained from the sold-search dataset.,455.3,Use supplied land_size_m2; preserve existing missing values.,False,0,2,2186115.6793695465,4526812.183850548,1677101.395159723,1725000.0,1680000.0,2186115.6793695465,415115.6793695465,415115.6793695465,23.439620517760954
46,Parramatta,2150,"9 Carrington Street, Parramatta NSW 2150",2025-09-20,1785000,5,3,2,455.0,455.0,House,https://www.realestate.com.au/sold/property-house-in-parramatta/list-1,,sold_search_page_only,available,no,Land size retained from the sold-search dataset.,455.0,Use supplied land_size_m2; preserve existing missing values.,False,0,4,2053726.320373661,2193207.1482963166,1945940.2572407334,1666000.0,1666000.0,2053726.320373661,268726.3203736609,268726.3203736609,15.05469581925271
47,Parramatta,2150,"76 O'Connell Street, Parramatta NSW 2150",2025-07-05,1150000,3,1,1,253.0,253.0,House,https://www.realestate.com.au/sold/property-house-in-parramatta/list-1,,sold_search_page_only,available,no,Land size retained from the sold-search dataset.,253.0,Use supplied land_size_m2; preserve existing missing values.,False,0,4,1143587.5545374164,1528948.8440321113,1420391.504792796,1666000.0,1666000.0,1143587.5545374164,-6412.445462583564,6412.445462583564,0.557603953268136
48,Parramatta,2150,"41 Gore Street, Parramatta NSW 2150",2025-06-16,1660000,3,2,1,449.0,449.0,House,https://www.realestate.com.au/sold/property-house-in-parramatta/list-1,,sold_search_page_only,available,no,Land size retained from the sold-search dataset.,449.0,Use supplied land_size_m2; preserve existing missing values.,False,0,5,1607750.4864807602,1434579.0328426522,1678842.0271436065,1760500.0,1735500.0,1607750.4864807602,-52249.513519239845,52249.513519239845,3.147561055375894
49,Parramatta,2150,"4 Alma Street, Parramatta NSW 2150",2025-06-14,1430000,3,1,2,582.0,582.0,House,https://www.realestate.com.au/sold/property-house-in-parramatta/list-1,,sold_search_page_only,available,no,Land size retained from the sold-search dataset.,582.0,Use supplied land_size_m2; preserve existing missing values.,False,0,1,1613507.6666299088,1549467.5112426495,1730195.2507981332,1686000.0,1666000.0,1613507.6666299088,183507.66662990884,183507.66662990884,12.832703960133484
50,Parramatta,2150,"8 Gould Place, Parramatta NSW 2150",2025-06-06,1950000,3,3,2,467.9,467.9,House,https://www.realestate.com.au/sold/property-house-in-parramatta/list-1,,sold_search_page_only,available,no,Land size retained from the sold-search dataset.,467.9,Use supplied land_size_m2; preserve existing missing values.,False,0,4,1984325.2688750508,1751496.8703567595,1879105.9797835466,1666000.0,1666000.0,1984325.2688750508,34325.268875050824,34325.268875050824,1.7602701987205551
51,Parramatta,2150,"158 Railway Street, Parramatta NSW 2150",2025-05-24,1472000,3,1,2,455.3,455.3,House,https://www.realestate.com.au/sold/property-house-in-parramatta/list-1,,sold_search_page_only,available,no,Land size retained from the sold-search dataset.,455.3,Use supplied land_size_m2; preserve existing missing values.,False,0,5,1467840.3021824465,1563205.2309964008,1669125.2732855813,1760500.0,1735500.0,1467840.3021824465,-4159.697817553533,4159.697817553533,0.282588166953365
52,Parramatta,2150,"113 Railway Street, Parramatta NSW 2150",2025-05-21,830000,2,1,0,240.0,240.0,House,https://www.realestate.com.au/sold/property-house-in-parramatta/list-1,https://www.realestate.com.au/property/113-railway-st-parramatta-nsw-2150/,individual_property_page_checked,recovered,no,Missing land size recovered from the individual Realestate.com.au property page.,240.0,Use supplied land_size_m2; preserve existing missing values.,False,0,4,1075641.706314099,1528948.8440321113,1402002.400904926,1666000.0,1666000.0,1075641.706314099,245641.70631409902,245641.70631409902,29.595386302903496
53,Parramatta,2150,"33 Morton Street, Parramatta NSW 2150",2025-05-10,1672000,4,2,2,455.3,455.3,House,https://www.realestate.com.au/sold/property-house-in-parramatta/list-1,,sold_search_page_only,available,no,Land size retained from the sold-search dataset.,455.3,Use supplied land_size_m2; preserve existing missing values.,False,0,2,1739438.1640558713,1724475.0717672578,1677101.395159723,1725000.0,1680000.0,1739438.1640558713,67438.16405587131,67438.16405587131,4.033383017695653
54,Parramatta,2150,"22 Young Street, Parramatta NSW 2150",2025-05-10,1230000,3,1,2,325.0,325.0,House,https://www.realestate.com.au/sold/property-house-in-parramatta/list-1,https://www.realestate.com.au/property/22-young-st-parramatta-nsw-2150/,individual_property_page_checked,recovered,no,Missing land size recovered from the individual Realestate.com.au property page.,325.0,Use supplied land_size_m2; preserve existing missing values.,False,0,2,1238871.6705241392,1648010.6843693233,1418031.676507216,1725000.0,1680000.0,1238871.6705241392,8871.67052413919,8871.67052413919,0.7212740263527797
55,Parramatta,2150,"12 Noller Parade, Parramatta NSW 2150",2025-05-09,2360000,6,3,2,560.0,560.0,House,https://www.realestate.com.au/sold/property-house-in-parramatta/list-1,,sold_search_page_only,available,no,Land size retained from the sold-search dataset.,560.0,Use supplied land_size_m2; preserve existing missing values.,False,0,5,2413406.642412658,2229463.3086178205,1776035.1480617083,1760500.0,1735500.0,2413406.642412658,53406.64241265785,53406.64241265785,2.2629933225702477
56,Parramatta,2150,"30 Wandsworth Street, Parramatta NSW 2150",2025-05-03,1540000,2,1,2,332.0,332.0,House,https://www.realestate.com.au/sold/property-house-in-parramatta/list-1,,sold_search_page_only,available,no,Land size retained from the sold-search dataset.,332.0,Use supplied land_size_m2; preserve existing missing values.,False,0,3,1198896.8548150475,1273979.646804206,1333396.343398357,1711000.0,1666000.0,1198896.8548150475,-341103.14518495253,341103.14518495253,22.149554882139775
57,Parramatta,2150,"6 Carrington Street, Parramatta NSW 2150",2025-04-29,1700000,3,2,3,670.0,670.0,House,https://www.realestate.com.au/sold/property-house-in-parramatta/list-1,,sold_search_page_only,available,no,Land size retained from the sold-search dataset.,670.0,Use supplied land_size_m2; preserve existing missing values.,False,0,3,2030639.2072467238,1732697.7719677116,1653177.5876976284,1711000.0,1666000.0,2030639.2072467238,330639.2072467238,330639.2072467238,19.449365132160224
58,Parramatta,2150,"6 Wandsworth Street, Parramatta NSW 2150",2025-04-12,1800000,4,1,2,543.7,543.7,House,https://www.realestate.com.au/sold/property-house-in-parramatta/list-1,,sold_search_page_only,available,no,Land size retained from the sold-search dataset.,543.7,Use supplied land_size_m2; preserve existing missing values.,False,0,1,1614825.7062103173,1686784.3637718502,1697708.5764221991,1686000.0,1666000.0,1614825.7062103173,-185174.29378968268,185174.29378968268,10.287460766093483
59,Parramatta,2150,"109 Victoria Road, Parramatta NSW 2150",2025-03-20,1248000,5,2,0,,396.0,House,https://www.realestate.com.au/sold/property-house-in-parramatta/list-2,https://www.realestate.com.au/sold/property-house-nsw-parramatta-146028960,individual_property_page_checked,available,no,Land size retained from the sold-search dataset.,396.0,396 m2 may be floor area; profile states 405 m2 land. Mark missing pending confirmation.,True,0,5,1221794.3759096,1349079.4535366334,1732054.5855569164,1760500.0,1735500.0,1221794.3759096,-26205.62409040006,26205.62409040006,2.09980962262821
60,Parramatta,2150,"84 Crimea Street, Parramatta NSW 2150",2025-02-28,2170000,5,3,2,303.0,303.0,House,https://www.realestate.com.au/sold/property-house-in-parramatta/list-2,,sold_search_page_only,available,no,Land size retained from the sold-search dataset.,303.0,Use supplied land_size_m2; preserve existing missing values.,False,0,5,1721047.2995963537,1864765.668237465,1323982.5984289641,1760500.0,1735500.0,1721047.2995963537,-448952.70040364633,448952.70040364633,20.689064534730246
61,Parramatta,2150,"100 Crimea Street, Parramatta NSW 2150",2025-02-22,1200000,3,2,1,303.5,303.5,House,https://www.realestate.com.au/sold/property-house-in-parramatta/list-2,,sold_search_page_only,available,no,Land size retained from the sold-search dataset.,303.5,Use supplied land_size_m2; preserve existing missing values.,False,0,5,1360278.28664521,1391596.08486653,1295229.0611623642,1760500.0,1735500.0,1360278.28664521,160278.28664521012,160278.28664521012,13.356523887100844
62,Parramatta,2150,"18 Glebe Street, Parramatta NSW 2150",2025-01-10,1850000,3,1,1,423.7,423.7,House,https://www.realestate.com.au/sold/property-house-in-parramatta/list-2,,sold_search_page_only,available,no,Land size retained from the sold-search dataset.,423.7,Use supplied land_size_m2; preserve existing missing values.,False,0,2,1338392.205186152,1541201.4438728732,1488495.6790228258,1725000.0,1680000.0,1338392.205186152,-511607.7948138481,511607.7948138481,27.65447539534314
63,Parramatta,2150,"10 Fennell Street, Parramatta NSW 2150",2024-12-20,1800000,3,1,1,685.0,685.0,House,https://www.realestate.com.au/sold/property-house-in-parramatta/list-2,https://www.realestate.com.au/property/10-fennell-st-parramatta-nsw-2150/,individual_property_page_checked,recovered,no,Missing land size recovered from the individual Realestate.com.au property page.,685.0,Use supplied land_size_m2; preserve existing missing values.,False,0,4,1899343.3265105067,1910575.84702467,1771589.8966121986,1666000.0,1666000.0,1899343.3265105067,99343.32651050668,99343.32651050668,5.519073695028149
64,Parramatta,2150,"5 Gould Place, Parramatta NSW 2150",2024-12-07,2002000,3,1,2,358.0,358.0,House,https://www.realestate.com.au/sold/property-house-in-parramatta/list-2,https://www.realestate.com.au/property/5-gould-pl-parramatta-nsw-2150/,individual_property_page_checked,recovered,no,Missing land size recovered from the individual Realestate.com.au property page.,358.0,Use supplied land_size_m2; preserve existing missing values.,False,0,1,1281572.6067838366,1407487.5076814545,1361221.735421652,1686000.0,1666000.0,1281572.6067838366,-720427.3932161634,720427.3932161634,35.98538427653164
65,Parramatta,2150,"13 Gore Street, Parramatta NSW 2150",2024-11-23,1560000,3,2,2,463.0,463.0,House,https://www.realestate.com.au/sold/property-house-in-parramatta/list-2,https://www.realestate.com.au/property/13-gore-st-parramatta-nsw-2150/,individual_property_page_checked,recovered,no,Missing land size recovered from the individual Realestate.com.au property page.,463.0,Use supplied land_size_m2; preserve existing missing values.,False,0,3,1632219.270784909,1732759.2230675516,1777292.0580052207,1711000.0,1666000.0,1632219.270784909,72219.2707849089,72219.2707849089,4.629440434930058
66,Parramatta,2150,"133 Victoria Road, Parramatta NSW 2150",2024-11-02,1500000,4,2,2,697.0,697.0,House,https://www.realestate.com.au/sold/property-house-in-parramatta/list-2,,sold_search_page_only,available,no,Land size retained from the sold-search dataset.,697.0,Use supplied land_size_m2; preserve existing missing values.,False,0,5,2289882.454028988,2151066.637449206,2132289.20746799,1760500.0,1735500.0,2289882.454028988,789882.4540289878,789882.4540289878,52.65883026859918
67,Parramatta,2150,"37 Morton Street, Parramatta NSW 2150",2024-09-07,2060000,4,3,2,455.0,455.0,House,https://www.realestate.com.au/sold/property-house-in-parramatta/list-2,,sold_search_page_only,available,no,Land size retained from the sold-search dataset.,455.0,Use supplied land_size_m2; preserve existing missing values.,False,0,2,1979200.7332007366,1862779.7987721988,1756062.883866914,1725000.0,1680000.0,1979200.7332007366,-80799.26679926342,80799.26679926342,3.9222945048186126
68,Parramatta,2150,"26 Glebe Street, Parramatta NSW 2150",2024-09-06,1950000,4,1,1,619.7,619.7,House,https://www.realestate.com.au/sold/property-house-in-parramatta/list-2,,sold_search_page_only,available,no,Land size retained from the sold-search dataset.,619.7,Use supplied land_size_m2; preserve existing missing values.,False,0,3,1751115.8260104165,1618478.8541098083,1983161.3038990293,1711000.0,1666000.0,1751115.8260104165,-198884.1739895835,198884.1739895835,10.19918840972223
69,Parramatta,2150,"39 Thomas Street, Parramatta NSW 2150",2024-08-22,2175000,4,2,2,701.9,701.9,House,https://www.realestate.com.au/sold/property-house-in-parramatta/list-2,,sold_search_page_only,available,no,Land size retained from the sold-search dataset.,701.9,Use supplied land_size_m2; preserve existing missing values.,False,0,1,2179741.384557697,1595686.2981447177,1804026.5514420539,1686000.0,1666000.0,2179741.384557697,4741.384557696991,4741.384557696991,0.2179946923079076
70,Parramatta,2150,"171 George Street, Parramatta NSW 2150",2024-08-11,3502000,3,1,1,1060.0,1060.0,House,https://www.realestate.com.au/sold/property-house-in-parramatta/list-2,,sold_search_page_only,available,no,Land size retained from the sold-search dataset.,1060.0,Use supplied land_size_m2; preserve existing missing values.,False,0,1,2559507.71148739,1394130.2477508672,1808755.9516527487,1686000.0,1666000.0,2559507.71148739,-942492.2885126099,942492.2885126099,26.912972259069385
71,Campbelltown,2560,"41 Randolph Street, Campbelltown NSW 2560",2026-09-24,1025000,4,2,2,556.0,556.0,House,"https://www.realestate.com.au/sold/property-house-in-campbelltown,+nsw+2560/list-1",,sold_search_page_only,available,no,Land size retained from the sold-search dataset.,556.0,Use supplied land_size_m2; preserve existing missing values.,False,0,1,1103429.1986975044,1014665.9310063553,1067543.707392418,1686000.0,980250.0,1103429.1986975044,78429.19869750435,78429.19869750435,7.651629141219937
72,Campbelltown,2560,"4 Carcoola Street, Campbelltown NSW 2560",2026-09-22,1200000,5,2,2,689.0,689.0,House,"https://www.realestate.com.au/sold/property-house-in-campbelltown,+nsw+2560/list-1",,sold_search_page_only,available,no,Land size retained from the sold-search dataset.,689.0,Use supplied land_size_m2; preserve existing missing values.,False,0,2,1362637.0009458282,1178488.0678661277,1097309.628849475,1725000.0,960750.0,1362637.0009458282,162637.00094582816,162637.00094582816,13.553083412152345
73,Campbelltown,2560,"16/7-9 King Street, Campbelltown NSW 2560",2026-09-22,527000,2,2,1,,3504.0,House,"https://www.realestate.com.au/sold/property-house-in-campbelltown,+nsw+2560/list-1",https://www.realestate.com.au/property/unit-16-7-9-king-st-campbelltown-nsw-2560/,individual_property_page_checked,shared_or_strata_parcel_excluded,yes,"Realestate.com.au reports a land area for the property/complex, but the slash address may indicate a strata/shared parcel; reported value retained separately and excluded from model-ready land_size_m2.",,Use supplied land_size_m2; preserve existing missing values.,True,1,1,696424.7072015716,672989.9191510961,788574.6998292141,1686000.0,980250.0,696424.7072015716,169424.70720157155,169424.70720157155,32.14890079726215
74,Campbelltown,2560,"1/15 Bairin Street, Campbelltown NSW 2560",2026-09-16,775000,3,1,2,,482.0,House,"https://www.realestate.com.au/sold/property-house-in-campbelltown,+nsw+2560/list-1",https://www.realestate.com.au/property/unit-1-15-bairin-st-campbelltown-nsw-2560/,individual_property_page_checked,shared_or_strata_parcel_excluded,yes,"Realestate.com.au reports a land area for the property/complex, but the slash address may indicate a strata/shared parcel; reported value retained separately and excluded from model-ready land_size_m2.",,Use supplied land_size_m2; preserve existing missing values.,True,1,5,579337.9783779982,622495.4835466787,788656.0690643342,1760500.0,977500.0,579337.9783779982,-195662.02162200178,195662.02162200178,25.24671246735507
75,Campbelltown,2560,"5/167 Waminda Avenue, Campbelltown NSW 2560",2026-09-14,510000,2,1,1,,1329.0,House,"https://www.realestate.com.au/sold/property-house-in-campbelltown,+nsw+2560/list-1",https://www.realestate.com.au/property/unit-5-167-waminda-ave-campbelltown-nsw-2560/,individual_property_page_checked,shared_or_strata_parcel_excluded,yes,"Realestate.com.au reports a land area for the property/complex, but the slash address may indicate a strata/shared parcel; reported value retained separately and excluded from model-ready land_size_m2.",,Use supplied land_size_m2; preserve existing missing values.,True,1,1,607070.9196174007,672989.9191510961,768881.8173413764,1686000.0,980250.0,607070.9196174007,97070.91961740074,97070.91961740074,19.03351365047073
76,Campbelltown,2560,"133 Dumaresq Street, Campbelltown NSW 2560",2026-08-29,951000,3,1,0,701.9,701.9,House,"https://www.realestate.com.au/sold/property-house-in-campbelltown,+nsw+2560/list-1",https://www.realestate.com.au/property/133-dumaresq-st-campbelltown-nsw-2560/,individual_property_page_checked,available,no,Land size retained from the sold-search dataset.,701.9,Use supplied land_size_m2; preserve existing missing values.,False,0,1,1010812.7027779373,983178.6412977993,1045087.1306769918,1686000.0,980250.0,1010812.7027779373,59812.70277793729,59812.70277793729,6.2894534992573385
77,Campbelltown,2560,"61 Macquarie Avenue, Campbelltown NSW 2560",2026-08-28,970500,4,2,2,669.0,669.0,House,"https://www.realestate.com.au/sold/property-house-in-campbelltown,+nsw+2560/list-1",,sold_search_page_only,available,no,Land size retained from the sold-search dataset.,669.0,Use supplied land_size_m2; preserve existing missing values.,False,0,5,1231548.1271192578,1116778.7525378647,1091194.9311212788,1760500.0,977500.0,1231548.1271192578,261048.1271192578,261048.1271192578,26.898312943766907
78,Campbelltown,2560,"5/32 Broughton St, Campbelltown NSW 2560",2026-08-17,620000,3,1,1,,1233.0,House,"https://www.realestate.com.au/sold/property-house-in-campbelltown,+nsw+2560/list-1",https://www.realestate.com.au/property/unit-5-32-broughton-st-campbelltown-nsw-2560/,individual_property_page_checked,shared_or_strata_parcel_excluded,yes,"Realestate.com.au reports a land area for the property/complex, but the slash address may indicate a strata/shared parcel; reported value retained separately and excluded from model-ready land_size_m2.",,Use supplied land_size_m2; preserve existing missing values.,True,1,5,564527.3547625026,575000.0000000001,763172.9392611727,1760500.0,977500.0,564527.3547625026,-55472.6452374974,55472.6452374974,8.947200844757646
79,Campbelltown,2560,"14B Ehrlich Street, Campbelltown NSW 2560",2026-08-12,735000,2,2,1,76.0,76.0,House,"https://www.realestate.com.au/sold/property-house-in-campbelltown,+nsw+2560/list-1",https://www.realestate.com.au/property/14b-ehrlich-st-campbelltown-nsw-2560/,individual_property_page_checked,recovered,no,Missing land size recovered from the individual Realestate.com.au property page.,76.0,Use supplied land_size_m2; preserve existing missing values.,False,0,4,568525.1466662139,2553513.2020784495,1038081.7132008036,1666000.0,958000.0,568525.1466662139,-166474.85333378613,166474.85333378613,22.64963990935866
80,Campbelltown,2560,"12 Valinda Crescent, Campbelltown NSW 2560",2026-08-10,950000,3,1,1,645.0,645.0,House,"https://www.realestate.com.au/sold/property-house-in-campbelltown,+nsw+2560/list-1",,sold_search_page_only,available,no,Land size retained from the sold-search dataset.,645.0,Use supplied land_size_m2; preserve existing missing values.,False,0,2,972640.2717195547,951005.8336046898,967016.8585435662,1725000.0,960750.0,972640.2717195547,22640.271719554672,22640.271719554672,2.3831864967952288
81,Campbelltown,2560,"46 and 46a Farnsworth Avenue, Campbelltown NSW 2560",2026-07-27,1185000,5,2,2,734.0,734.0,House,"https://www.realestate.com.au/sold/property-house-in-campbelltown,+nsw+2560/list-1",,sold_search_page_only,available,no,Land size retained from the sold-search dataset.,734.0,Use supplied land_size_m2; preserve existing missing values.,False,0,1,1379394.4215168632,1023265.2060193142,1150934.0193636215,1686000.0,980250.0,1379394.4215168632,194394.42151686316,194394.42151686316,16.404592533068623
82,Campbelltown,2560,"6/105 Broughton Street, Campbelltown NSW 2560",2026-07-24,575000,3,1,1,,3977.0,House,"https://www.realestate.com.au/sold/property-house-in-campbelltown,+nsw+2560/list-1",,sold_search_page_only,shared_or_strata_parcel_excluded,yes,"Realestate.com.au reports a land area for the property/complex, but the slash address may indicate a strata/shared parcel; reported value retained separately and excluded from model-ready land_size_m2.",,Use supplied land_size_m2; preserve existing missing values.,True,1,3,604007.9194248023,620000.0000000005,733727.9450356896,1711000.0,950500.0,604007.9194248023,29007.919424802298,29007.919424802298,5.04485555213953
83,Campbelltown,2560,"40 Waminda Avenue, Campbelltown NSW 2560",2026-07-22,930000,4,1,1,554.0,554.0,House,"https://www.realestate.com.au/sold/property-house-in-campbelltown,+nsw+2560/list-1",,sold_search_page_only,available,no,Land size retained from the sold-search dataset.,554.0,Use supplied land_size_m2; preserve existing missing values.,False,0,1,931429.2803848573,904888.6752167837,1017831.6573701716,1686000.0,980250.0,931429.2803848573,1429.280384857324,1429.280384857324,0.1536860628878843
84,Campbelltown,2560,"31 Grandview Drive, Campbelltown NSW 2560",2026-07-21,820000,2,1,0,758.0,758.0,House,"https://www.realestate.com.au/sold/property-house-in-campbelltown,+nsw+2560/list-1",https://www.realestate.com.au/property/31-grandview-dr-campbelltown-nsw-2560/,individual_property_page_checked,available,no,Land size retained from the sold-search dataset.,758.0,Use supplied land_size_m2; preserve existing missing values.,False,0,4,1079232.2476669245,1024433.3230151784,1089812.7833032524,1666000.0,958000.0,1079232.2476669245,259232.2476669245,259232.2476669245,31.613688739868838
85,Campbelltown,2560,"149 A Dumaresq Street, Campbelltown NSW 2560",2026-07-17,1195000,6,3,1,368.0,368.0,House,"https://www.realestate.com.au/sold/property-house-in-campbelltown,+nsw+2560/list-1",,sold_search_page_only,available,no,Land size retained from the sold-search dataset.,368.0,Use supplied land_size_m2; preserve existing missing values.,False,0,3,1126826.6587887811,3392078.900119846,1171904.429619053,1711000.0,950500.0,1126826.6587887811,-68173.34121121885,68173.34121121885,5.704882109725427
86,Campbelltown,2560,"198 Broughton Street, Campbelltown NSW 2560",2026-07-14,1160555,6,2,1,639.0,639.0,House,"https://www.realestate.com.au/sold/property-house-in-campbelltown,+nsw+2560/list-1",,sold_search_page_only,available,no,Land size retained from the sold-search dataset.,639.0,Use supplied land_size_m2; preserve existing missing values.,False,0,3,1293712.7003216697,1115610.83872945,1127440.4168920422,1711000.0,950500.0,1293712.7003216697,133157.7003216697,133157.7003216697,11.473622561763095
87,Campbelltown,2560,"48 Gilchrist Drive, Campbelltown NSW 2560",2026-07-10,965000,3,2,2,373.0,373.0,House,"https://www.realestate.com.au/sold/property-house-in-campbelltown,+nsw+2560/list-1",https://www.realestate.com.au/property/48-gilchrist-dr-campbelltown-nsw-2560/,individual_property_page_checked,recovered,no,Missing land size recovered from the individual Realestate.com.au property page.,373.0,Use supplied land_size_m2; preserve existing missing values.,False,0,2,840547.3177546001,1249771.220562096,971398.3808974142,1725000.0,960750.0,840547.3177546001,-124452.68224539992,124452.68224539992,12.896651009886002
88,Campbelltown,2560,"28 & 28A Westview Street, Campbelltown NSW 2560",2026-07-08,1750000,7,4,2,510.9,510.9,House,"https://www.realestate.com.au/sold/property-house-in-campbelltown,+nsw+2560/list-1",,sold_search_page_only,available,no,Land size retained from the sold-search dataset.,510.9,Use supplied land_size_m2; preserve existing missing values.,False,0,4,1445683.7169547598,2938828.142387164,1058104.9873139425,1666000.0,958000.0,1445683.7169547598,-304316.2830452402,304316.2830452402,17.38950188829944
89,Campbelltown,2560,"5 Lachlan Place, Campbelltown NSW 2560",2026-07-02,990000,3,1,2,961.0,961.0,House,"https://www.realestate.com.au/sold/property-house-in-campbelltown,+nsw+2560/list-1",,sold_search_page_only,available,no,Land size retained from the sold-search dataset.,961.0,Use supplied land_size_m2; preserve existing missing values.,False,0,4,1465006.9537907043,1614587.290903682,1218027.7577391318,1666000.0,958000.0,1465006.9537907043,475006.95379070425,475006.95379070425,47.980500382899415
90,Campbelltown,2560,"61 Broughton Street, Campbelltown NSW 2560",2026-06-19,1600000,3,1,0,1201.0,1201.0,House,"https://www.realestate.com.au/sold/property-house-in-campbelltown,+nsw+2560/list-1",https://www.realestate.com.au/property/61-broughton-st-campbelltown-nsw-2560/,individual_property_page_checked,available,no,Land size retained from the sold-search dataset.,1201.0,Use supplied land_size_m2; preserve existing missing values.,False,0,5,1823168.8181182644,1755628.1026353918,1013077.5999358015,1760500.0,977500.0,1823168.8181182644,223168.81811826443,223168.81811826443,13.948051132391528
91,Campbelltown,2560,"11 Manning Street, Campbelltown NSW 2560",2026-06-19,1020000,4,2,4,556.4,556.4,House,"https://www.realestate.com.au/sold/property-house-in-campbelltown,+nsw+2560/list-1",,sold_search_page_only,available,no,Land size retained from the sold-search dataset.,556.4,Use supplied land_size_m2; preserve existing missing values.,False,0,2,1183047.4111148594,2397314.164222379,1056852.7351801523,1725000.0,960750.0,1183047.4111148594,163047.4111148594,163047.4111148594,15.985040305378371
92,Campbelltown,2560,"9 Yennora Street, Campbelltown NSW 2560",2026-06-19,885000,3,1,1,551.0,551.0,House,"https://www.realestate.com.au/sold/property-house-in-campbelltown,+nsw+2560/list-2",,sold_search_page_only,available,no,Land size retained from the sold-search dataset.,551.0,Use supplied land_size_m2; preserve existing missing values.,False,0,5,886716.253225437,920002.5759029422,897421.3821382642,1760500.0,977500.0,886716.253225437,1716.2532254370162,1716.2532254370162,0.1939269181284764
93,Campbelltown,2560,"24 Poulton Terrace, Campbelltown NSW 2560",2026-06-16,1170000,4,2,2,415.0,415.0,House,"https://www.realestate.com.au/sold/property-house-in-campbelltown,+nsw+2560/list-2",,sold_search_page_only,available,no,Land size retained from the sold-search dataset.,415.0,Use supplied land_size_m2; preserve existing missing values.,False,0,3,941419.2824234887,1256222.074149727,1042576.0590510509,1711000.0,950500.0,941419.2824234887,-228580.71757651132,228580.71757651132,19.53681346807789
94,Campbelltown,2560,"5 Dan Street, Campbelltown NSW 2560",2026-06-16,915000,3,1,1,567.0,567.0,House,"https://www.realestate.com.au/sold/property-house-in-campbelltown,+nsw+2560/list-2",,sold_search_page_only,available,no,Land size retained from the sold-search dataset.,567.0,Use supplied land_size_m2; preserve existing missing values.,False,0,4,902963.1620426938,917948.3269766807,1007783.7302419497,1666000.0,958000.0,902963.1620426938,-12036.837957306183,12036.837957306183,1.3155014160990364
95,Campbelltown,2560,"23 Allman Street, Campbelltown NSW 2560",2026-06-13,1220000,3,1,1,815.0,815.0,House,"https://www.realestate.com.au/sold/property-house-in-campbelltown,+nsw+2560/list-2",,sold_search_page_only,available,no,Land size retained from the sold-search dataset.,815.0,Use supplied land_size_m2; preserve existing missing values.,False,0,4,1208253.706729527,1024433.3230151784,1162456.9971183182,1666000.0,958000.0,1208253.706729527,-11746.293270472903,11746.293270472903,0.9628109238092544
96,Campbelltown,2560,"47 Grandview Drive, Campbelltown NSW 2560",2026-06-12,920000,4,2,2,621.0,621.0,House,"https://www.realestate.com.au/sold/property-house-in-campbelltown,+nsw+2560/list-2",,sold_search_page_only,available,no,Land size retained from the sold-search dataset.,621.0,Use supplied land_size_m2; preserve existing missing values.,False,0,5,1165477.453060033,1090102.7922693172,1076362.6043391924,1760500.0,977500.0,1165477.453060033,245477.45306003303,245477.45306003303,26.682331854351414
97,Campbelltown,2560,"132 Waminda Avenue, Campbelltown NSW 2560",2026-06-09,870000,2,1,2,606.0,606.0,House,"https://www.realestate.com.au/sold/property-house-in-campbelltown,+nsw+2560/list-2",,sold_search_page_only,available,no,Land size retained from the sold-search dataset.,606.0,Use supplied land_size_m2; preserve existing missing values.,False,0,2,906981.790122907,1097281.7753412041,940449.0400037125,1725000.0,960750.0,906981.790122907,36981.79012290703,36981.79012290703,4.250780473897359
98,Campbelltown,2560,"32 Oxley Street, Campbelltown NSW 2560",2026-06-05,1195000,4,2,1,486.0,486.0,House,"https://www.realestate.com.au/sold/property-house-in-campbelltown,+nsw+2560/list-2",,sold_search_page_only,available,no,Land size retained from the sold-search dataset.,486.0,Use supplied land_size_m2; preserve existing missing values.,False,0,3,987383.2022938343,1073814.0247327604,1016579.3590070198,1711000.0,950500.0,987383.2022938343,-207616.7977061657,207616.7977061657,17.373790603026418
99,Campbelltown,2560,"35 Canberra Crescent, Campbelltown NSW 2560",2026-06-01,915000,4,1,1,562.8,562.8,House,"https://www.realestate.com.au/sold/property-house-in-campbelltown,+nsw+2560/list-2",,sold_search_page_only,available,no,Land size retained from the sold-search dataset.,562.8,Use supplied land_size_m2; preserve existing missing values.,False,0,3,941332.112321426,928838.7399744991,979791.1523580021,1711000.0,950500.0,941332.112321426,26332.112321426044,26332.112321426044,2.8778264832159612
100,Campbelltown,2560,"22 Allman Street, Campbelltown NSW 2560",2026-05-25,1190000,3,1,1,898.0,898.0,House,"https://www.realestate.com.au/sold/property-house-in-campbelltown,+nsw+2560/list-2",,sold_search_page_only,available,no,Land size retained from the sold-search dataset.,898.0,Use supplied land_size_m2; preserve existing missing values.,False,0,2,1298957.8321705926,1215163.7793320415,1046281.260296753,1725000.0,960750.0,1298957.8321705926,108957.83217059262,108957.83217059262,9.156120350469967
101,Campbelltown,2560,"3 Albury Avenue, Campbelltown NSW 2560",2026-05-22,920000,3,1,1,556.0,556.0,House,"https://www.realestate.com.au/sold/property-house-in-campbelltown,+nsw+2560/list-2",,sold_search_page_only,available,no,Land size retained from the sold-search dataset.,556.0,Use supplied land_size_m2; preserve existing missing values.,False,0,1,896572.4582197714,916282.3553888012,869114.7424242089,1686000.0,980250.0,896572.4582197714,-23427.54178022861,23427.54178022861,2.5464719326335445
102,Campbelltown,2560,"6 Callaway Avenue, Campbelltown NSW 2560",2026-05-21,1351500,4,2,2,390.0,390.0,House,"https://www.realestate.com.au/sold/property-house-in-campbelltown,+nsw+2560/list-2",https://www.realestate.com.au/property/6-callaway-ave-campbelltown-nsw-2560/,individual_property_page_checked,recovered,no,Missing land size recovered from the individual Realestate.com.au property page.,390.0,Use supplied land_size_m2; preserve existing missing values.,False,0,5,893833.1515013542,1127019.7036527614,1043709.3793476027,1760500.0,977500.0,893833.1515013542,-457666.8484986458,457666.8484986458,33.86362179050283
103,Campbelltown,2560,"101/26 Parkside Crescent, Campbelltown NSW 2560",2026-05-20,855000,3,2,1,,1347.0,House,"https://www.realestate.com.au/sold/property-house-in-campbelltown,+nsw+2560/list-2",https://www.realestate.com.au/property/unit-101-26-parkside-cres-campbelltown-nsw-2560/,individual_property_page_checked,shared_or_strata_parcel_excluded,yes,"Realestate.com.au reports a land area for the property/complex, but the slash address may indicate a strata/shared parcel; reported value retained separately and excluded from model-ready land_size_m2.",,Use supplied land_size_m2; preserve existing missing values.,True,1,2,652650.9131484099,729834.9898618583,687796.8481204078,1725000.0,960750.0,652650.9131484099,-202349.08685159008,202349.08685159008,23.666559865683052
104,Campbelltown,2560,"64 Macquarie Avenue, Campbelltown NSW 2560",2026-05-09,1000000,3,1,2,556.4,556.4,House,"https://www.realestate.com.au/sold/property-house-in-campbelltown,+nsw+2560/list-2",,sold_search_page_only,available,no,Land size retained from the sold-search dataset.,556.4,Use supplied land_size_m2; preserve existing missing values.,False,0,4,910920.5169588294,931557.1112296478,1006979.376167875,1666000.0,958000.0,910920.5169588294,-89079.48304117064,89079.48304117064,8.907948304117063
105,Campbelltown,2560,"9 Farnsworth Avenue, Campbelltown NSW 2560",2026-05-06,1010000,3,1,2,670.3,670.3,House,"https://www.realestate.com.au/sold/property-house-in-campbelltown,+nsw+2560/list-2",,sold_search_page_only,available,no,Land size retained from the sold-search dataset.,670.3,Use supplied land_size_m2; preserve existing missing values.,False,0,3,1000830.7871608026,948658.0341472225,1119919.4200224672,1711000.0,950500.0,1000830.7871608026,-9169.212839197367,9169.212839197367,0.907842855366076
