model,feature_set,fold,MAE_AUD,RMSE_AUD,R2
Ridge regression,basic,1,572028.1926211187,1408368.1017399977,0.819787861250973
Ridge regression,engineered,1,640789.0146886015,1490610.5177278572,0.7981261604538983
K-nearest neighbours,basic,1,622754.1579399422,1436790.153620024,0.8124408020975393
K-nearest neighbours,engineered,1,768696.8528945127,1402315.0291400882,0.8213336119464667
Random forest,basic,1,550118.7898664934,990282.230916415,0.9109016516620757
Random forest,engineered,1,568891.2147572523,975013.1567819159,0.9136280682739838
Ridge regression,basic,2,811292.2371769665,1568411.0429025965,0.6707355680531386
Ridge regression,engineered,2,897252.3651406327,1778778.2915910662,0.576485115817333
K-nearest neighbours,basic,2,1336434.9983053308,2201935.254113724,0.35101579615235967
K-nearest neighbours,engineered,2,1396823.8082435713,2456198.8893328435,0.19248221154587142
Random forest,basic,2,1079685.2165365294,2164578.8803895367,0.3728493594012131
Random forest,engineered,2,1093034.9880445327,2147716.5974321067,0.38258243104996725
Ridge regression,basic,3,1683625.072245952,4269437.591483067,0.5350536152045003
Ridge regression,engineered,3,1760775.4187024494,4450405.834290264,0.49480299356231716
K-nearest neighbours,basic,3,1799907.1625930308,3950124.681329895,0.6019999344022291
K-nearest neighbours,engineered,3,1789085.4221878166,4280528.591704676,0.53263483365637
Random forest,basic,3,1375021.5726955212,3542190.4086322077,0.6799592043504004
Random forest,engineered,3,1498621.9422915496,3688258.347438452,0.653020190763552
Ridge regression,basic,4,646489.079448093,1130920.55037672,0.8056098760351144
Ridge regression,engineered,4,622883.4840458848,1116125.5577374196,0.8106627299505446
K-nearest neighbours,basic,4,1119709.500025028,2214875.772876237,0.25439510531333454
K-nearest neighbours,engineered,4,1593774.7986865682,2534959.295833125,0.023320695215928722
Random forest,basic,4,975081.4904492731,2063667.3096765226,0.3527241939501876
Random forest,engineered,4,1057195.3739745691,2205728.332981421,0.2605410860151647
Ridge regression,basic,5,775599.5111800779,1624581.4182303173,0.8875394635849903
Ridge regression,engineered,5,812662.1466581324,1928166.9088410747,0.841581302548837
K-nearest neighbours,basic,5,1228714.9958091045,2916443.7406891338,0.6375697872976058
K-nearest neighbours,engineered,5,1112650.0803782346,2552533.522413373,0.722374025226762
Random forest,basic,5,884938.56818795,1974601.0676954095,0.8338593433380824
Random forest,engineered,5,887623.4766017755,1975528.8641996472,0.8337031792028432
