model,fold,MAE_AUD,RMSE_AUD,R2,train_MAE_AUD,best_feature_set,inner_MAE_AUD
Overall median,1,1912619.0476190476,3552223.0128939445,-0.14644210432541627,2460296.964285714,baseline,
Suburb median,1,1334178.5714285714,2470127.4830943635,0.4456418763828801,1410155.4166666667,baseline,
Ridge regression,1,572028.1926211187,1408368.1017399977,0.819787861250973,913471.3407865055,basic,984398.1579254727
K-nearest neighbours,1,622754.1579399422,1436790.153620024,0.8124408020975393,1054644.4354596892,basic,1288967.986884592
Random forest,1,550118.7898664934,990282.230916415,0.9109016516620757,843839.6457962312,basic,1042134.4726664306
Overall median,2,1917095.238095238,3042067.9448283827,-0.23869064123709638,2459308.869047619,baseline,
Suburb median,2,741107.1428571428,1317328.2654405362,0.7677193366916836,1535798.2738095238,baseline,
Ridge regression,2,811292.2371769665,1568411.0429025965,0.6707355680531386,858994.0045360697,basic,964158.1018790271
K-nearest neighbours,2,1336434.9983053308,2201935.254113724,0.35101579615235967,2083.3333333355044,basic,1155727.337892219
Random forest,2,1079685.2165365294,2164578.8803895367,0.3728493594012131,761451.3688390139,basic,1087973.7243005754
Overall median,3,3337568.8095238097,6876681.428837276,-0.20620006357075615,2104023.8095238097,baseline,
Suburb median,3,2279359.761904762,5385430.255849595,0.26022040575351324,1151642.857142857,baseline,
Ridge regression,3,1683625.072245952,4269437.591483067,0.5350536152045003,633469.0173230452,basic,665624.5268104504
K-nearest neighbours,3,1799907.1625930308,3950124.681329895,0.6019999344022291,1.7136612552262487e-09,basic,919267.3434260177
Random forest,3,1498621.9422915496,3688258.347438452,0.653020190763552,508980.1279869369,engineered,816371.2857207959
Overall median,4,1556047.619047619,2757410.1979937623,-0.15561390766900107,2549820.773809524,baseline,
Suburb median,4,1093142.857142857,1786226.2694614828,0.5150656488417023,1464762.5595238095,baseline,
Ridge regression,4,646489.079448093,1130920.55037672,0.8056098760351144,914555.3629305343,basic,1072031.1279159104
K-nearest neighbours,4,1119709.500025028,2214875.772876237,0.25439510531333454,906013.644103636,basic,1203575.4282955674
Random forest,4,975081.4904492731,2063667.3096765226,0.3527241939501876,628679.8456170294,basic,910595.29100193
Overall median,5,3045690.476190476,5400241.633703158,-0.24263497535481604,2177832.6785714286,baseline,
Suburb median,5,1815238.0952380951,3800937.2653647014,0.3844000287611967,1273798.2738095238,baseline,
Ridge regression,5,775599.5111800779,1624581.4182303173,0.8875394635849903,847081.9741029218,basic,935064.3305583039
K-nearest neighbours,5,1228714.9958091045,2916443.7406891338,0.6375697872976058,1547.6190476207669,basic,1022663.9992721094
Random forest,5,884938.56818795,1974601.0676954095,0.8338593433380824,759105.2189376341,basic,992984.9119271822
