model,fold,feature_set,inner_MAE_AUD,parameters
Ridge regression,1,basic,984398.1579254727,"{""regressor__features__feature_set"": ""basic"", ""regressor__model__alpha"": 0.1}"
Ridge regression,1,basic,986333.9778160324,"{""regressor__features__feature_set"": ""basic"", ""regressor__model__alpha"": 1.0}"
Ridge regression,1,basic,1210193.8620264523,"{""regressor__features__feature_set"": ""basic"", ""regressor__model__alpha"": 10.0}"
Ridge regression,1,basic,1975298.4934109098,"{""regressor__features__feature_set"": ""basic"", ""regressor__model__alpha"": 100.0}"
Ridge regression,1,engineered,1049318.7297939574,"{""regressor__features__feature_set"": ""engineered"", ""regressor__model__alpha"": 0.1}"
Ridge regression,1,engineered,1053766.9370075036,"{""regressor__features__feature_set"": ""engineered"", ""regressor__model__alpha"": 1.0}"
Ridge regression,1,engineered,1288822.7929358995,"{""regressor__features__feature_set"": ""engineered"", ""regressor__model__alpha"": 10.0}"
Ridge regression,1,engineered,1936755.1599945242,"{""regressor__features__feature_set"": ""engineered"", ""regressor__model__alpha"": 100.0}"
K-nearest neighbours,1,basic,1288967.986884592,"{""regressor__features__feature_set"": ""basic"", ""regressor__model__n_neighbors"": 3, ""regressor__model__weights"": ""uniform""}"
K-nearest neighbours,1,basic,1328525.616204368,"{""regressor__features__feature_set"": ""basic"", ""regressor__model__n_neighbors"": 3, ""regressor__model__weights"": ""distance""}"
K-nearest neighbours,1,basic,1373488.9587573193,"{""regressor__features__feature_set"": ""basic"", ""regressor__model__n_neighbors"": 5, ""regressor__model__weights"": ""uniform""}"
K-nearest neighbours,1,basic,1334443.9382808085,"{""regressor__features__feature_set"": ""basic"", ""regressor__model__n_neighbors"": 5, ""regressor__model__weights"": ""distance""}"
K-nearest neighbours,1,basic,1401565.9613850396,"{""regressor__features__feature_set"": ""basic"", ""regressor__model__n_neighbors"": 9, ""regressor__model__weights"": ""uniform""}"
K-nearest neighbours,1,basic,1336082.5991625197,"{""regressor__features__feature_set"": ""basic"", ""regressor__model__n_neighbors"": 9, ""regressor__model__weights"": ""distance""}"
K-nearest neighbours,1,engineered,1515770.9415237207,"{""regressor__features__feature_set"": ""engineered"", ""regressor__model__n_neighbors"": 3, ""regressor__model__weights"": ""uniform""}"
K-nearest neighbours,1,engineered,1515626.4764762854,"{""regressor__features__feature_set"": ""engineered"", ""regressor__model__n_neighbors"": 3, ""regressor__model__weights"": ""distance""}"
K-nearest neighbours,1,engineered,1462463.748200773,"{""regressor__features__feature_set"": ""engineered"", ""regressor__model__n_neighbors"": 5, ""regressor__model__weights"": ""uniform""}"
K-nearest neighbours,1,engineered,1471889.0808866161,"{""regressor__features__feature_set"": ""engineered"", ""regressor__model__n_neighbors"": 5, ""regressor__model__weights"": ""distance""}"
K-nearest neighbours,1,engineered,1418681.9860675514,"{""regressor__features__feature_set"": ""engineered"", ""regressor__model__n_neighbors"": 9, ""regressor__model__weights"": ""uniform""}"
K-nearest neighbours,1,engineered,1387409.6286283676,"{""regressor__features__feature_set"": ""engineered"", ""regressor__model__n_neighbors"": 9, ""regressor__model__weights"": ""distance""}"
Random forest,1,basic,1119028.2916817514,"{""regressor__features__feature_set"": ""basic"", ""regressor__model__max_depth"": 4, ""regressor__model__min_samples_leaf"": 2}"
Random forest,1,basic,1042151.5775901981,"{""regressor__features__feature_set"": ""basic"", ""regressor__model__max_depth"": 4, ""regressor__model__min_samples_leaf"": 4}"
Random forest,1,basic,1119187.819105301,"{""regressor__features__feature_set"": ""basic"", ""regressor__model__max_depth"": null, ""regressor__model__min_samples_leaf"": 2}"
Random forest,1,basic,1042134.4726664306,"{""regressor__features__feature_set"": ""basic"", ""regressor__model__max_depth"": null, ""regressor__model__min_samples_leaf"": 4}"
Random forest,1,engineered,1179532.1253433763,"{""regressor__features__feature_set"": ""engineered"", ""regressor__model__max_depth"": 4, ""regressor__model__min_samples_leaf"": 2}"
Random forest,1,engineered,1046892.4199578478,"{""regressor__features__feature_set"": ""engineered"", ""regressor__model__max_depth"": 4, ""regressor__model__min_samples_leaf"": 4}"
Random forest,1,engineered,1171678.985884647,"{""regressor__features__feature_set"": ""engineered"", ""regressor__model__max_depth"": null, ""regressor__model__min_samples_leaf"": 2}"
Random forest,1,engineered,1044489.7421204856,"{""regressor__features__feature_set"": ""engineered"", ""regressor__model__max_depth"": null, ""regressor__model__min_samples_leaf"": 4}"
Ridge regression,2,basic,964158.1018790271,"{""regressor__features__feature_set"": ""basic"", ""regressor__model__alpha"": 0.1}"
Ridge regression,2,basic,979055.212597297,"{""regressor__features__feature_set"": ""basic"", ""regressor__model__alpha"": 1.0}"
Ridge regression,2,basic,1266992.955705391,"{""regressor__features__feature_set"": ""basic"", ""regressor__model__alpha"": 10.0}"
Ridge regression,2,basic,1995161.2055362351,"{""regressor__features__feature_set"": ""basic"", ""regressor__model__alpha"": 100.0}"
Ridge regression,2,engineered,981534.6016940284,"{""regressor__features__feature_set"": ""engineered"", ""regressor__model__alpha"": 0.1}"
Ridge regression,2,engineered,995089.573159256,"{""regressor__features__feature_set"": ""engineered"", ""regressor__model__alpha"": 1.0}"
Ridge regression,2,engineered,1296865.0730568927,"{""regressor__features__feature_set"": ""engineered"", ""regressor__model__alpha"": 10.0}"
Ridge regression,2,engineered,1934305.0896216885,"{""regressor__features__feature_set"": ""engineered"", ""regressor__model__alpha"": 100.0}"
K-nearest neighbours,2,basic,1219389.988068004,"{""regressor__features__feature_set"": ""basic"", ""regressor__model__n_neighbors"": 3, ""regressor__model__weights"": ""uniform""}"
K-nearest neighbours,2,basic,1180207.406727044,"{""regressor__features__feature_set"": ""basic"", ""regressor__model__n_neighbors"": 3, ""regressor__model__weights"": ""distance""}"
K-nearest neighbours,2,basic,1361724.8164370412,"{""regressor__features__feature_set"": ""basic"", ""regressor__model__n_neighbors"": 5, ""regressor__model__weights"": ""uniform""}"
K-nearest neighbours,2,basic,1240998.0888345197,"{""regressor__features__feature_set"": ""basic"", ""regressor__model__n_neighbors"": 5, ""regressor__model__weights"": ""distance""}"
K-nearest neighbours,2,basic,1356442.3373470763,"{""regressor__features__feature_set"": ""basic"", ""regressor__model__n_neighbors"": 9, ""regressor__model__weights"": ""uniform""}"
K-nearest neighbours,2,basic,1155727.337892219,"{""regressor__features__feature_set"": ""basic"", ""regressor__model__n_neighbors"": 9, ""regressor__model__weights"": ""distance""}"
K-nearest neighbours,2,engineered,1656970.4302005202,"{""regressor__features__feature_set"": ""engineered"", ""regressor__model__n_neighbors"": 3, ""regressor__model__weights"": ""uniform""}"
K-nearest neighbours,2,engineered,1565720.407590083,"{""regressor__features__feature_set"": ""engineered"", ""regressor__model__n_neighbors"": 3, ""regressor__model__weights"": ""distance""}"
K-nearest neighbours,2,engineered,1553321.8299746069,"{""regressor__features__feature_set"": ""engineered"", ""regressor__model__n_neighbors"": 5, ""regressor__model__weights"": ""uniform""}"
K-nearest neighbours,2,engineered,1487131.4079521361,"{""regressor__features__feature_set"": ""engineered"", ""regressor__model__n_neighbors"": 5, ""regressor__model__weights"": ""distance""}"
K-nearest neighbours,2,engineered,1428083.4407199353,"{""regressor__features__feature_set"": ""engineered"", ""regressor__model__n_neighbors"": 9, ""regressor__model__weights"": ""uniform""}"
K-nearest neighbours,2,engineered,1377208.8977494824,"{""regressor__features__feature_set"": ""engineered"", ""regressor__model__n_neighbors"": 9, ""regressor__model__weights"": ""distance""}"
Random forest,2,basic,1190004.5425068464,"{""regressor__features__feature_set"": ""basic"", ""regressor__model__max_depth"": 4, ""regressor__model__min_samples_leaf"": 2}"
Random forest,2,basic,1088614.8315368656,"{""regressor__features__feature_set"": ""basic"", ""regressor__model__max_depth"": 4, ""regressor__model__min_samples_leaf"": 4}"
Random forest,2,basic,1163874.0956275892,"{""regressor__features__feature_set"": ""basic"", ""regressor__model__max_depth"": null, ""regressor__model__min_samples_leaf"": 2}"
Random forest,2,basic,1087973.7243005754,"{""regressor__features__feature_set"": ""basic"", ""regressor__model__max_depth"": null, ""regressor__model__min_samples_leaf"": 4}"
Random forest,2,engineered,1243135.486926656,"{""regressor__features__feature_set"": ""engineered"", ""regressor__model__max_depth"": 4, ""regressor__model__min_samples_leaf"": 2}"
Random forest,2,engineered,1153677.8115351931,"{""regressor__features__feature_set"": ""engineered"", ""regressor__model__max_depth"": 4, ""regressor__model__min_samples_leaf"": 4}"
Random forest,2,engineered,1238617.123017153,"{""regressor__features__feature_set"": ""engineered"", ""regressor__model__max_depth"": null, ""regressor__model__min_samples_leaf"": 2}"
Random forest,2,engineered,1153918.4177494494,"{""regressor__features__feature_set"": ""engineered"", ""regressor__model__max_depth"": null, ""regressor__model__min_samples_leaf"": 4}"
Ridge regression,3,basic,665624.5268104504,"{""regressor__features__feature_set"": ""basic"", ""regressor__model__alpha"": 0.1}"
Ridge regression,3,basic,683848.0755400354,"{""regressor__features__feature_set"": ""basic"", ""regressor__model__alpha"": 1.0}"
Ridge regression,3,basic,976735.9332438152,"{""regressor__features__feature_set"": ""basic"", ""regressor__model__alpha"": 10.0}"
Ridge regression,3,basic,1647265.8138055317,"{""regressor__features__feature_set"": ""basic"", ""regressor__model__alpha"": 100.0}"
Ridge regression,3,engineered,731649.5049693316,"{""regressor__features__feature_set"": ""engineered"", ""regressor__model__alpha"": 0.1}"
Ridge regression,3,engineered,733460.4197926515,"{""regressor__features__feature_set"": ""engineered"", ""regressor__model__alpha"": 1.0}"
Ridge regression,3,engineered,1006030.426995945,"{""regressor__features__feature_set"": ""engineered"", ""regressor__model__alpha"": 10.0}"
Ridge regression,3,engineered,1612172.9662604935,"{""regressor__features__feature_set"": ""engineered"", ""regressor__model__alpha"": 100.0}"
K-nearest neighbours,3,basic,938986.1559537752,"{""regressor__features__feature_set"": ""basic"", ""regressor__model__n_neighbors"": 3, ""regressor__model__weights"": ""uniform""}"
K-nearest neighbours,3,basic,919267.3434260177,"{""regressor__features__feature_set"": ""basic"", ""regressor__model__n_neighbors"": 3, ""regressor__model__weights"": ""distance""}"
K-nearest neighbours,3,basic,962481.287648247,"{""regressor__features__feature_set"": ""basic"", ""regressor__model__n_neighbors"": 5, ""regressor__model__weights"": ""uniform""}"
K-nearest neighbours,3,basic,919666.5810550206,"{""regressor__features__feature_set"": ""basic"", ""regressor__model__n_neighbors"": 5, ""regressor__model__weights"": ""distance""}"
K-nearest neighbours,3,basic,1173527.5819938497,"{""regressor__features__feature_set"": ""basic"", ""regressor__model__n_neighbors"": 9, ""regressor__model__weights"": ""uniform""}"
K-nearest neighbours,3,basic,1048840.1889132874,"{""regressor__features__feature_set"": ""basic"", ""regressor__model__n_neighbors"": 9, ""regressor__model__weights"": ""distance""}"
K-nearest neighbours,3,engineered,1051651.6939523278,"{""regressor__features__feature_set"": ""engineered"", ""regressor__model__n_neighbors"": 3, ""regressor__model__weights"": ""uniform""}"
K-nearest neighbours,3,engineered,1014488.3646913226,"{""regressor__features__feature_set"": ""engineered"", ""regressor__model__n_neighbors"": 3, ""regressor__model__weights"": ""distance""}"
K-nearest neighbours,3,engineered,1088530.8677920604,"{""regressor__features__feature_set"": ""engineered"", ""regressor__model__n_neighbors"": 5, ""regressor__model__weights"": ""uniform""}"
K-nearest neighbours,3,engineered,1045923.4321627527,"{""regressor__features__feature_set"": ""engineered"", ""regressor__model__n_neighbors"": 5, ""regressor__model__weights"": ""distance""}"
K-nearest neighbours,3,engineered,1242705.335351717,"{""regressor__features__feature_set"": ""engineered"", ""regressor__model__n_neighbors"": 9, ""regressor__model__weights"": ""uniform""}"
K-nearest neighbours,3,engineered,1146408.1820801855,"{""regressor__features__feature_set"": ""engineered"", ""regressor__model__n_neighbors"": 9, ""regressor__model__weights"": ""distance""}"
Random forest,3,basic,825192.047657508,"{""regressor__features__feature_set"": ""basic"", ""regressor__model__max_depth"": 4, ""regressor__model__min_samples_leaf"": 2}"
Random forest,3,basic,849213.2529257569,"{""regressor__features__feature_set"": ""basic"", ""regressor__model__max_depth"": 4, ""regressor__model__min_samples_leaf"": 4}"
Random forest,3,basic,824099.0708410698,"{""regressor__features__feature_set"": ""basic"", ""regressor__model__max_depth"": null, ""regressor__model__min_samples_leaf"": 2}"
Random forest,3,basic,848880.2757873759,"{""regressor__features__feature_set"": ""basic"", ""regressor__model__max_depth"": null, ""regressor__model__min_samples_leaf"": 4}"
Random forest,3,engineered,827168.0449251147,"{""regressor__features__feature_set"": ""engineered"", ""regressor__model__max_depth"": 4, ""regressor__model__min_samples_leaf"": 2}"
Random forest,3,engineered,864341.8806081446,"{""regressor__features__feature_set"": ""engineered"", ""regressor__model__max_depth"": 4, ""regressor__model__min_samples_leaf"": 4}"
Random forest,3,engineered,816371.2857207959,"{""regressor__features__feature_set"": ""engineered"", ""regressor__model__max_depth"": null, ""regressor__model__min_samples_leaf"": 2}"
Random forest,3,engineered,862277.4249507203,"{""regressor__features__feature_set"": ""engineered"", ""regressor__model__max_depth"": null, ""regressor__model__min_samples_leaf"": 4}"
Ridge regression,4,basic,1072031.1279159104,"{""regressor__features__feature_set"": ""basic"", ""regressor__model__alpha"": 0.1}"
Ridge regression,4,basic,1097409.5460454477,"{""regressor__features__feature_set"": ""basic"", ""regressor__model__alpha"": 1.0}"
Ridge regression,4,basic,1415267.3816784106,"{""regressor__features__feature_set"": ""basic"", ""regressor__model__alpha"": 10.0}"
Ridge regression,4,basic,2011157.9704956028,"{""regressor__features__feature_set"": ""basic"", ""regressor__model__alpha"": 100.0}"
Ridge regression,4,engineered,1227380.8956139951,"{""regressor__features__feature_set"": ""engineered"", ""regressor__model__alpha"": 0.1}"
Ridge regression,4,engineered,1198377.0517898165,"{""regressor__features__feature_set"": ""engineered"", ""regressor__model__alpha"": 1.0}"
Ridge regression,4,engineered,1496223.8065538316,"{""regressor__features__feature_set"": ""engineered"", ""regressor__model__alpha"": 10.0}"
Ridge regression,4,engineered,1963018.3017439374,"{""regressor__features__feature_set"": ""engineered"", ""regressor__model__alpha"": 100.0}"
K-nearest neighbours,4,basic,1203575.4282955674,"{""regressor__features__feature_set"": ""basic"", ""regressor__model__n_neighbors"": 3, ""regressor__model__weights"": ""uniform""}"
K-nearest neighbours,4,basic,1243212.3406879671,"{""regressor__features__feature_set"": ""basic"", ""regressor__model__n_neighbors"": 3, ""regressor__model__weights"": ""distance""}"
K-nearest neighbours,4,basic,1312805.626344406,"{""regressor__features__feature_set"": ""basic"", ""regressor__model__n_neighbors"": 5, ""regressor__model__weights"": ""uniform""}"
K-nearest neighbours,4,basic,1225161.8060093692,"{""regressor__features__feature_set"": ""basic"", ""regressor__model__n_neighbors"": 5, ""regressor__model__weights"": ""distance""}"
K-nearest neighbours,4,basic,1403171.305991016,"{""regressor__features__feature_set"": ""basic"", ""regressor__model__n_neighbors"": 9, ""regressor__model__weights"": ""uniform""}"
K-nearest neighbours,4,basic,1239498.417189956,"{""regressor__features__feature_set"": ""basic"", ""regressor__model__n_neighbors"": 9, ""regressor__model__weights"": ""distance""}"
K-nearest neighbours,4,engineered,1419446.2141731791,"{""regressor__features__feature_set"": ""engineered"", ""regressor__model__n_neighbors"": 3, ""regressor__model__weights"": ""uniform""}"
K-nearest neighbours,4,engineered,1427350.1725757692,"{""regressor__features__feature_set"": ""engineered"", ""regressor__model__n_neighbors"": 3, ""regressor__model__weights"": ""distance""}"
K-nearest neighbours,4,engineered,1342968.4542712069,"{""regressor__features__feature_set"": ""engineered"", ""regressor__model__n_neighbors"": 5, ""regressor__model__weights"": ""uniform""}"
K-nearest neighbours,4,engineered,1335920.0106998726,"{""regressor__features__feature_set"": ""engineered"", ""regressor__model__n_neighbors"": 5, ""regressor__model__weights"": ""distance""}"
K-nearest neighbours,4,engineered,1401196.5216665126,"{""regressor__features__feature_set"": ""engineered"", ""regressor__model__n_neighbors"": 9, ""regressor__model__weights"": ""uniform""}"
K-nearest neighbours,4,engineered,1348089.9907113316,"{""regressor__features__feature_set"": ""engineered"", ""regressor__model__n_neighbors"": 9, ""regressor__model__weights"": ""distance""}"
Random forest,4,basic,910595.29100193,"{""regressor__features__feature_set"": ""basic"", ""regressor__model__max_depth"": 4, ""regressor__model__min_samples_leaf"": 2}"
Random forest,4,basic,986082.9629009567,"{""regressor__features__feature_set"": ""basic"", ""regressor__model__max_depth"": 4, ""regressor__model__min_samples_leaf"": 4}"
Random forest,4,basic,911949.6730120532,"{""regressor__features__feature_set"": ""basic"", ""regressor__model__max_depth"": null, ""regressor__model__min_samples_leaf"": 2}"
Random forest,4,basic,986229.0010017919,"{""regressor__features__feature_set"": ""basic"", ""regressor__model__max_depth"": null, ""regressor__model__min_samples_leaf"": 4}"
Random forest,4,engineered,956969.7692579362,"{""regressor__features__feature_set"": ""engineered"", ""regressor__model__max_depth"": 4, ""regressor__model__min_samples_leaf"": 2}"
Random forest,4,engineered,988903.8046086807,"{""regressor__features__feature_set"": ""engineered"", ""regressor__model__max_depth"": 4, ""regressor__model__min_samples_leaf"": 4}"
Random forest,4,engineered,959502.255312242,"{""regressor__features__feature_set"": ""engineered"", ""regressor__model__max_depth"": null, ""regressor__model__min_samples_leaf"": 2}"
Random forest,4,engineered,987422.721296244,"{""regressor__features__feature_set"": ""engineered"", ""regressor__model__max_depth"": null, ""regressor__model__min_samples_leaf"": 4}"
Ridge regression,5,basic,935064.3305583039,"{""regressor__features__feature_set"": ""basic"", ""regressor__model__alpha"": 0.1}"
Ridge regression,5,basic,970680.6076940607,"{""regressor__features__feature_set"": ""basic"", ""regressor__model__alpha"": 1.0}"
Ridge regression,5,basic,1260584.984559615,"{""regressor__features__feature_set"": ""basic"", ""regressor__model__alpha"": 10.0}"
Ridge regression,5,basic,1847853.0106042952,"{""regressor__features__feature_set"": ""basic"", ""regressor__model__alpha"": 100.0}"
Ridge regression,5,engineered,984217.7697684312,"{""regressor__features__feature_set"": ""engineered"", ""regressor__model__alpha"": 0.1}"
Ridge regression,5,engineered,1019799.3664946792,"{""regressor__features__feature_set"": ""engineered"", ""regressor__model__alpha"": 1.0}"
Ridge regression,5,engineered,1284316.8553019355,"{""regressor__features__feature_set"": ""engineered"", ""regressor__model__alpha"": 10.0}"
Ridge regression,5,engineered,1790275.998325642,"{""regressor__features__feature_set"": ""engineered"", ""regressor__model__alpha"": 100.0}"
K-nearest neighbours,5,basic,1148589.597909381,"{""regressor__features__feature_set"": ""basic"", ""regressor__model__n_neighbors"": 3, ""regressor__model__weights"": ""uniform""}"
K-nearest neighbours,5,basic,1022663.9992721094,"{""regressor__features__feature_set"": ""basic"", ""regressor__model__n_neighbors"": 3, ""regressor__model__weights"": ""distance""}"
K-nearest neighbours,5,basic,1269309.4883211234,"{""regressor__features__feature_set"": ""basic"", ""regressor__model__n_neighbors"": 5, ""regressor__model__weights"": ""uniform""}"
K-nearest neighbours,5,basic,1136281.4316175582,"{""regressor__features__feature_set"": ""basic"", ""regressor__model__n_neighbors"": 5, ""regressor__model__weights"": ""distance""}"
K-nearest neighbours,5,basic,1393632.0580477093,"{""regressor__features__feature_set"": ""basic"", ""regressor__model__n_neighbors"": 9, ""regressor__model__weights"": ""uniform""}"
K-nearest neighbours,5,basic,1245400.5250448075,"{""regressor__features__feature_set"": ""basic"", ""regressor__model__n_neighbors"": 9, ""regressor__model__weights"": ""distance""}"
K-nearest neighbours,5,engineered,1392071.9563096655,"{""regressor__features__feature_set"": ""engineered"", ""regressor__model__n_neighbors"": 3, ""regressor__model__weights"": ""uniform""}"
K-nearest neighbours,5,engineered,1350278.80423058,"{""regressor__features__feature_set"": ""engineered"", ""regressor__model__n_neighbors"": 3, ""regressor__model__weights"": ""distance""}"
K-nearest neighbours,5,engineered,1321993.0756932748,"{""regressor__features__feature_set"": ""engineered"", ""regressor__model__n_neighbors"": 5, ""regressor__model__weights"": ""uniform""}"
K-nearest neighbours,5,engineered,1288274.7077938623,"{""regressor__features__feature_set"": ""engineered"", ""regressor__model__n_neighbors"": 5, ""regressor__model__weights"": ""distance""}"
K-nearest neighbours,5,engineered,1444976.7096491416,"{""regressor__features__feature_set"": ""engineered"", ""regressor__model__n_neighbors"": 9, ""regressor__model__weights"": ""uniform""}"
K-nearest neighbours,5,engineered,1359649.8396414758,"{""regressor__features__feature_set"": ""engineered"", ""regressor__model__n_neighbors"": 9, ""regressor__model__weights"": ""distance""}"
Random forest,5,basic,1015561.9302276153,"{""regressor__features__feature_set"": ""basic"", ""regressor__model__max_depth"": 4, ""regressor__model__min_samples_leaf"": 2}"
Random forest,5,basic,993025.901249919,"{""regressor__features__feature_set"": ""basic"", ""regressor__model__max_depth"": 4, ""regressor__model__min_samples_leaf"": 4}"
Random forest,5,basic,1016352.2777220592,"{""regressor__features__feature_set"": ""basic"", ""regressor__model__max_depth"": null, ""regressor__model__min_samples_leaf"": 2}"
Random forest,5,basic,992984.9119271822,"{""regressor__features__feature_set"": ""basic"", ""regressor__model__max_depth"": null, ""regressor__model__min_samples_leaf"": 4}"
Random forest,5,engineered,1030480.0179333094,"{""regressor__features__feature_set"": ""engineered"", ""regressor__model__max_depth"": 4, ""regressor__model__min_samples_leaf"": 2}"
Random forest,5,engineered,1002213.1102067706,"{""regressor__features__feature_set"": ""engineered"", ""regressor__model__max_depth"": 4, ""regressor__model__min_samples_leaf"": 4}"
Random forest,5,engineered,1026385.5645541251,"{""regressor__features__feature_set"": ""engineered"", ""regressor__model__max_depth"": null, ""regressor__model__min_samples_leaf"": 2}"
Random forest,5,engineered,1002129.3207785608,"{""regressor__features__feature_set"": ""engineered"", ""regressor__model__max_depth"": null, ""regressor__model__min_samples_leaf"": 4}"
