property_id,field,source_value,checked_on,url
3,parking,0,2026-10-02,https://www.realestate.com.au/property/105-holt-ave-mosman-nsw-2088/
15,parking,0,2026-10-02,https://www.realestate.com.au/property/46-spencer-rd-mosman-nsw-2088/
19,parking,0,2026-10-02,https://www.realestate.com.au/property/56-spencer-rd-mosman-nsw-2088/
30,parking,0,2026-10-02,https://www.realestate.com.au/property/3-want-st-mosman-nsw-2088/
52,parking,0,2026-10-02,https://www.realestate.com.au/property/113-railway-st-parramatta-nsw-2150/
59,parking,0,2026-10-02,https://www.realestate.com.au/property/109-victoria-rd-parramatta-nsw-2150/
76,parking,0,2026-10-02,https://www.realestate.com.au/property/133-dumaresq-st-campbelltown-nsw-2560/
84,parking,0,2026-10-02,https://www.realestate.com.au/property/31-grandview-dr-campbelltown-nsw-2560/
90,parking,0,2026-10-02,https://www.realestate.com.au/property/61-broughton-st-campbelltown-nsw-2560/
