property_id,suburb,postcode,address,sale_date,sale_price,bedrooms,bathrooms,parking,land_size_m2,reported_land_size_m2,property_type,source_page,verification_url,verification_status,land_size_quality,needs_land_imputation,land_size_note
1,Mosman,2088,"177A Spit Road, Mosman NSW 2088",2026-09-16,3200000,3,2,2,245,245,House,"https://www.realestate.com.au/sold/property-house-in-mosman,+nsw+2088/list-1",https://www.realestate.com.au/property/177a-spit-rd-mosman-nsw-2088/,individual_property_page_checked,recovered,no,Missing land size recovered from the individual Realestate.com.au property page.
2,Mosman,2088,"5 Botanic Road, Mosman NSW 2088",2026-07-22,8700000,4,3,2,437,437,House,"https://www.realestate.com.au/sold/property-house-in-mosman,+nsw+2088/list-1",https://www.realestate.com.au/property/5-botanic-rd-mosman-nsw-2088/,individual_property_page_checked,recovered,no,Missing land size recovered from the individual Realestate.com.au property page.
3,Mosman,2088,"105 Holt Avenue, Mosman NSW 2088",2026-06-05,3550000,4,3,0,,,House,"https://www.realestate.com.au/sold/property-house-in-mosman,+nsw+2088/list-1",https://www.realestate.com.au/property/105-holt-ave-mosman-nsw-2088/,individual_property_page_checked,unavailable,yes,Land size unavailable; impute within each training fold only.
4,Mosman,2088,"96 Glover Street, Mosman NSW 2088",2026-06-02,3390000,4,3,2,379.0,379.0,House,"https://www.realestate.com.au/sold/property-house-in-mosman,+nsw+2088/list-1",,sold_search_page_only,available,no,Land size retained from the sold-search dataset.
5,Mosman,2088,"14 Erith Street, Mosman NSW 2088",2026-04-11,5300000,4,3,1,613.0,613.0,House,"https://www.realestate.com.au/sold/property-house-in-mosman,+nsw+2088/list-1",,sold_search_page_only,available,no,Land size retained from the sold-search dataset.
6,Mosman,2088,"130 Cowles Road, Mosman NSW 2088",2026-04-11,4200000,5,2,1,412,412,House,"https://www.realestate.com.au/sold/property-house-in-mosman,+nsw+2088/list-1",https://www.realestate.com.au/property/130-cowles-rd-mosman-nsw-2088/,individual_property_page_checked,recovered,no,Missing land size recovered from the individual Realestate.com.au property page.
7,Mosman,2088,"17 Morella Road, Mosman NSW 2088",2026-03-31,23000000,4,3,2,961.1,961.1,House,"https://www.realestate.com.au/sold/property-house-in-mosman,+nsw+2088/list-1",,sold_search_page_only,available,no,Land size retained from the sold-search dataset.
8,Mosman,2088,"34 Rickard Avenue, Mosman NSW 2088",2026-03-27,9000000,7,3,2,721,721,House,"https://www.realestate.com.au/sold/property-house-in-mosman,+nsw+2088/list-1",https://www.realestate.com.au/property/34-rickard-ave-mosman-nsw-2088/,individual_property_page_checked,recovered,no,Missing land size recovered from the individual Realestate.com.au property page.
9,Mosman,2088,"10 Cyprian Street, Mosman NSW 2088",2026-03-27,8500000,4,3,2,556.4,556.4,House,"https://www.realestate.com.au/sold/property-house-in-mosman,+nsw+2088/list-1",,sold_search_page_only,available,no,Land size retained from the sold-search dataset.
10,Mosman,2088,"29 Pearl Bay Avenue, Mosman NSW 2088",2026-03-20,7198000,4,3,3,658,658,House,"https://www.realestate.com.au/sold/property-house-in-mosman,+nsw+2088/list-1",https://www.realestate.com.au/property/29-pearl-bay-ave-mosman-nsw-2088/,individual_property_page_checked,recovered,no,Missing land size recovered from the individual Realestate.com.au property page.
11,Mosman,2088,"31 Ryrie Street, Mosman NSW 2088",2026-03-07,3900000,5,3,2,624.0,624.0,House,"https://www.realestate.com.au/sold/property-house-in-mosman,+nsw+2088/list-1",,sold_search_page_only,available,no,Land size retained from the sold-search dataset.
12,Mosman,2088,"53 Clanalpine Street, Mosman NSW 2088",2026-03-06,7700000,5,5,4,511.0,511.0,House,"https://www.realestate.com.au/sold/property-house-in-mosman,+nsw+2088/list-1",,sold_search_page_only,available,no,Land size retained from the sold-search dataset.
13,Mosman,2088,"33 Spofforth Street, Mosman NSW 2088",2026-03-02,5075000,4,3,3,462,462,House,"https://www.realestate.com.au/sold/property-house-in-mosman,+nsw+2088/list-1",https://www.realestate.com.au/property/33-spofforth-st-mosman-nsw-2088/,individual_property_page_checked,recovered,no,Missing land size recovered from the individual Realestate.com.au property page.
14,Mosman,2088,"1 Bray Street, Mosman NSW 2088",2026-02-27,3750000,3,2,1,296.0,296.0,House,"https://www.realestate.com.au/sold/property-house-in-mosman,+nsw+2088/list-1",,sold_search_page_only,available,no,Land size retained from the sold-search dataset.
15,Mosman,2088,"46 Spencer Road, Mosman NSW 2088",2026-02-16,3990000,4,2,0,233.0,233.0,House,"https://www.realestate.com.au/sold/property-house-in-mosman,+nsw+2088/list-1",https://www.realestate.com.au/property/46-spencer-rd-mosman-nsw-2088/,individual_property_page_checked,available,no,Land size retained from the sold-search dataset.
16,Mosman,2088,"6 Lavoni Street, Mosman NSW 2088",2025-12-05,11550000,7,4,3,715.0,715.0,House,"https://www.realestate.com.au/sold/property-house-in-mosman,+nsw+2088/list-1",,sold_search_page_only,available,no,Land size retained from the sold-search dataset.
17,Mosman,2088,"22B Inkerman Street, Mosman NSW 2088",2025-12-05,6900000,4,3,2,404,404,House,"https://www.realestate.com.au/sold/property-house-in-mosman,+nsw+2088/list-1",https://www.realestate.com.au/property/22b-inkerman-st-mosman-nsw-2088/,individual_property_page_checked,recovered,no,Missing land size recovered from the individual Realestate.com.au property page.
18,Mosman,2088,"26 Vista Street, Mosman NSW 2088",2025-12-05,4320000,4,2,1,321.0,321.0,House,"https://www.realestate.com.au/sold/property-house-in-mosman,+nsw+2088/list-1",,sold_search_page_only,available,no,Land size retained from the sold-search dataset.
19,Mosman,2088,"56 Spencer Road, Mosman NSW 2088",2025-11-22,3850000,4,3,0,226,226,House,"https://www.realestate.com.au/sold/property-house-in-mosman,+nsw+2088/list-1",https://www.realestate.com.au/property/56-spencer-rd-mosman-nsw-2088/,individual_property_page_checked,recovered,no,Missing land size recovered from the individual Realestate.com.au property page.
20,Mosman,2088,"15 Balmoral Avenue, Mosman NSW 2088",2025-11-19,15880000,5,4,2,788.0,788.0,House,"https://www.realestate.com.au/sold/property-house-in-mosman,+nsw+2088/list-1",,sold_search_page_only,available,no,Land size retained from the sold-search dataset.
21,Mosman,2088,"30 Beauty Point Road, Mosman NSW 2088",2025-11-17,11000000,5,5,3,879.0,879.0,House,"https://www.realestate.com.au/sold/property-house-in-mosman,+nsw+2088/list-1",,sold_search_page_only,available,no,Land size retained from the sold-search dataset.
22,Mosman,2088,"94A Raglan Street, Mosman NSW 2088",2025-11-15,3700000,3,2,1,224,224,House,"https://www.realestate.com.au/sold/property-house-in-mosman,+nsw+2088/list-1",https://www.realestate.com.au/property/94a-raglan-st-mosman-nsw-2088/,individual_property_page_checked,recovered,no,Missing land size recovered from the individual Realestate.com.au property page.
23,Mosman,2088,"7 Cross Street, Mosman NSW 2088",2025-11-14,10100000,6,3,2,695.6,695.6,House,"https://www.realestate.com.au/sold/property-house-in-mosman,+nsw+2088/list-1",,sold_search_page_only,available,no,Land size retained from the sold-search dataset.
24,Mosman,2088,"110 Awaba Street, Mosman NSW 2088",2025-10-30,5230000,5,4,1,479.1,479.1,House,"https://www.realestate.com.au/sold/property-house-in-mosman,+nsw+2088/list-1",,sold_search_page_only,available,no,Land size retained from the sold-search dataset.
25,Mosman,2088,"40 Stanley Avenue, Mosman NSW 2088",2025-10-09,20000000,5,5,2,920.0,920.0,House,"https://www.realestate.com.au/sold/property-house-in-mosman,+nsw+2088/list-2",,sold_search_page_only,available,no,Land size retained from the sold-search dataset.
26,Mosman,2088,"35 Lang Street, Mosman NSW 2088",2025-09-27,5250000,5,3,1,468.0,468.0,House,"https://www.realestate.com.au/sold/property-house-in-mosman,+nsw+2088/list-2",,sold_search_page_only,available,no,Land size retained from the sold-search dataset.
27,Mosman,2088,"16 Bay Street, Mosman NSW 2088",2025-09-20,7350000,5,4,3,806.0,806.0,House,"https://www.realestate.com.au/sold/property-house-in-mosman,+nsw+2088/list-2",,sold_search_page_only,available,no,Land size retained from the sold-search dataset.
28,Mosman,2088,"34 Harbour Street, Mosman NSW 2088",2025-09-20,3400000,4,1,1,261,261,House,"https://www.realestate.com.au/sold/property-house-in-mosman,+nsw+2088/list-2",https://www.realestate.com.au/property/34-harbour-st-mosman-nsw-2088/,individual_property_page_checked,recovered,no,Missing land size recovered from the individual Realestate.com.au property page.
29,Mosman,2088,"27 Prince Street, Mosman NSW 2088",2025-08-30,3600000,3,1,1,300.0,300.0,House,"https://www.realestate.com.au/sold/property-house-in-mosman,+nsw+2088/list-2",,sold_search_page_only,available,no,Land size retained from the sold-search dataset.
30,Mosman,2088,"3 Want Street, Mosman NSW 2088",2025-08-23,3325000,4,1,0,246,246,House,"https://www.realestate.com.au/sold/property-house-in-mosman,+nsw+2088/list-2",https://www.realestate.com.au/property/3-want-st-mosman-nsw-2088/,individual_property_page_checked,recovered,no,Missing land size recovered from the individual Realestate.com.au property page.
31,Mosman,2088,"5 The Grove, Mosman NSW 2088",2025-08-16,11360000,4,3,4,660.0,660.0,House,"https://www.realestate.com.au/sold/property-house-in-mosman,+nsw+2088/list-2",,sold_search_page_only,available,no,Land size retained from the sold-search dataset.
32,Mosman,2088,"46 Royalist Road, Mosman NSW 2088",2025-08-09,5700000,5,3,2,468.0,468.0,House,"https://www.realestate.com.au/sold/property-house-in-mosman,+nsw+2088/list-2",,sold_search_page_only,available,no,Land size retained from the sold-search dataset.
33,Mosman,2088,"16 Upper Spit Road, Mosman NSW 2088",2025-08-02,6050000,5,5,2,712,712,House,"https://www.realestate.com.au/sold/property-house-in-mosman,+nsw+2088/list-2",https://www.realestate.com.au/property/16-upper-spit-rd-mosman-nsw-2088/,individual_property_page_checked,recovered,no,Missing land size recovered from the individual Realestate.com.au property page.
34,Mosman,2088,"37 Carrington Avenue, Mosman NSW 2088",2025-06-12,21500000,5,4,2,751,751,House,"https://www.realestate.com.au/sold/property-house-in-mosman,+nsw+2088/list-2",https://www.realestate.com.au/property/37-carrington-ave-mosman-nsw-2088/,individual_property_page_checked,recovered,no,Missing land size recovered from the individual Realestate.com.au property page.
35,Mosman,2088,"67 Raglan Street, Mosman NSW 2088",2025-06-06,9650000,5,3,2,904.0,904.0,House,"https://www.realestate.com.au/sold/property-house-in-mosman,+nsw+2088/list-2",,sold_search_page_only,available,no,Land size retained from the sold-search dataset.
36,Parramatta,2150,"124 Thomas Street, Parramatta NSW 2150",2026-06-27,2300000,3,1,1,739.0,739.0,House,https://www.realestate.com.au/sold/property-house-in-parramatta/list-1,,sold_search_page_only,available,no,Land size retained from the sold-search dataset.
37,Parramatta,2150,"11 Pemberton Street, Parramatta NSW 2150",2026-05-27,1610000,3,1,1,461.6,461.6,House,https://www.realestate.com.au/sold/property-house-in-parramatta/list-1,,sold_search_page_only,available,no,Land size retained from the sold-search dataset.
38,Parramatta,2150,"51 Gore Street, Parramatta NSW 2150",2026-05-16,1480000,3,1,1,461.6,461.6,House,https://www.realestate.com.au/sold/property-house-in-parramatta/list-1,,sold_search_page_only,available,no,Land size retained from the sold-search dataset.
39,Parramatta,2150,"28 Marsden Street, Parramatta NSW 2150",2026-05-02,1555000,3,1,1,505.9,505.9,House,https://www.realestate.com.au/sold/property-house-in-parramatta/list-1,,sold_search_page_only,available,no,Land size retained from the sold-search dataset.
40,Parramatta,2150,"13 Morton Street, Parramatta NSW 2150",2026-04-20,1800000,4,3,2,461.6,461.6,House,https://www.realestate.com.au/sold/property-house-in-parramatta/list-1,,sold_search_page_only,available,no,Land size retained from the sold-search dataset.
41,Parramatta,2150,"58 Crimea Street, Parramatta NSW 2150",2026-02-09,1620000,3,2,2,613.4,613.4,House,https://www.realestate.com.au/sold/property-house-in-parramatta/list-1,,sold_search_page_only,available,no,Land size retained from the sold-search dataset.
42,Parramatta,2150,"114 Thomas Street, Parramatta NSW 2150",2025-12-13,1360000,3,2,1,381.0,381.0,House,https://www.realestate.com.au/sold/property-house-in-parramatta/list-1,,sold_search_page_only,available,no,Land size retained from the sold-search dataset.
43,Parramatta,2150,"7 Trott Street, Parramatta NSW 2150",2025-12-06,1150000,2,1,2,289,289,House,https://www.realestate.com.au/sold/property-house-in-parramatta/list-1,https://www.realestate.com.au/property/7-trott-st-parramatta-nsw-2150/,individual_property_page_checked,recovered,no,Missing land size recovered from the individual Realestate.com.au property page.
44,Parramatta,2150,"38 Inkerman Street, Parramatta NSW 2150",2025-11-15,2010500,3,2,4,698.6,698.6,House,https://www.realestate.com.au/sold/property-house-in-parramatta/list-1,,sold_search_page_only,available,no,Land size retained from the sold-search dataset.
45,Parramatta,2150,"71 Pitt Street, Parramatta NSW 2150",2025-09-27,1771000,6,2,5,455.3,455.3,House,https://www.realestate.com.au/sold/property-house-in-parramatta/list-1,,sold_search_page_only,available,no,Land size retained from the sold-search dataset.
46,Parramatta,2150,"9 Carrington Street, Parramatta NSW 2150",2025-09-20,1785000,5,3,2,455.0,455.0,House,https://www.realestate.com.au/sold/property-house-in-parramatta/list-1,,sold_search_page_only,available,no,Land size retained from the sold-search dataset.
47,Parramatta,2150,"76 O'Connell Street, Parramatta NSW 2150",2025-07-05,1150000,3,1,1,253.0,253.0,House,https://www.realestate.com.au/sold/property-house-in-parramatta/list-1,,sold_search_page_only,available,no,Land size retained from the sold-search dataset.
48,Parramatta,2150,"41 Gore Street, Parramatta NSW 2150",2025-06-16,1660000,3,2,1,449.0,449.0,House,https://www.realestate.com.au/sold/property-house-in-parramatta/list-1,,sold_search_page_only,available,no,Land size retained from the sold-search dataset.
49,Parramatta,2150,"4 Alma Street, Parramatta NSW 2150",2025-06-14,1430000,3,1,2,582.0,582.0,House,https://www.realestate.com.au/sold/property-house-in-parramatta/list-1,,sold_search_page_only,available,no,Land size retained from the sold-search dataset.
50,Parramatta,2150,"8 Gould Place, Parramatta NSW 2150",2025-06-06,1950000,3,3,2,467.9,467.9,House,https://www.realestate.com.au/sold/property-house-in-parramatta/list-1,,sold_search_page_only,available,no,Land size retained from the sold-search dataset.
51,Parramatta,2150,"158 Railway Street, Parramatta NSW 2150",2025-05-24,1472000,3,1,2,455.3,455.3,House,https://www.realestate.com.au/sold/property-house-in-parramatta/list-1,,sold_search_page_only,available,no,Land size retained from the sold-search dataset.
52,Parramatta,2150,"113 Railway Street, Parramatta NSW 2150",2025-05-21,830000,2,1,0,240,240,House,https://www.realestate.com.au/sold/property-house-in-parramatta/list-1,https://www.realestate.com.au/property/113-railway-st-parramatta-nsw-2150/,individual_property_page_checked,recovered,no,Missing land size recovered from the individual Realestate.com.au property page.
53,Parramatta,2150,"33 Morton Street, Parramatta NSW 2150",2025-05-10,1672000,4,2,2,455.3,455.3,House,https://www.realestate.com.au/sold/property-house-in-parramatta/list-1,,sold_search_page_only,available,no,Land size retained from the sold-search dataset.
54,Parramatta,2150,"22 Young Street, Parramatta NSW 2150",2025-05-10,1230000,3,1,2,325,325,House,https://www.realestate.com.au/sold/property-house-in-parramatta/list-1,https://www.realestate.com.au/property/22-young-st-parramatta-nsw-2150/,individual_property_page_checked,recovered,no,Missing land size recovered from the individual Realestate.com.au property page.
55,Parramatta,2150,"12 Noller Parade, Parramatta NSW 2150",2025-05-09,2360000,6,3,2,560.0,560.0,House,https://www.realestate.com.au/sold/property-house-in-parramatta/list-1,,sold_search_page_only,available,no,Land size retained from the sold-search dataset.
56,Parramatta,2150,"30 Wandsworth Street, Parramatta NSW 2150",2025-05-03,1540000,2,1,2,332.0,332.0,House,https://www.realestate.com.au/sold/property-house-in-parramatta/list-1,,sold_search_page_only,available,no,Land size retained from the sold-search dataset.
57,Parramatta,2150,"6 Carrington Street, Parramatta NSW 2150",2025-04-29,1700000,3,2,3,670.0,670.0,House,https://www.realestate.com.au/sold/property-house-in-parramatta/list-1,,sold_search_page_only,available,no,Land size retained from the sold-search dataset.
58,Parramatta,2150,"6 Wandsworth Street, Parramatta NSW 2150",2025-04-12,1800000,4,1,2,543.7,543.7,House,https://www.realestate.com.au/sold/property-house-in-parramatta/list-1,,sold_search_page_only,available,no,Land size retained from the sold-search dataset.
59,Parramatta,2150,"109 Victoria Road, Parramatta NSW 2150",2025-03-20,1248000,5,2,0,396.0,396.0,House,https://www.realestate.com.au/sold/property-house-in-parramatta/list-2,https://www.realestate.com.au/sold/property-house-nsw-parramatta-146028960,individual_property_page_checked,available,no,Land size retained from the sold-search dataset.
60,Parramatta,2150,"84 Crimea Street, Parramatta NSW 2150",2025-02-28,2170000,5,3,2,303.0,303.0,House,https://www.realestate.com.au/sold/property-house-in-parramatta/list-2,,sold_search_page_only,available,no,Land size retained from the sold-search dataset.
61,Parramatta,2150,"100 Crimea Street, Parramatta NSW 2150",2025-02-22,1200000,3,2,1,303.5,303.5,House,https://www.realestate.com.au/sold/property-house-in-parramatta/list-2,,sold_search_page_only,available,no,Land size retained from the sold-search dataset.
62,Parramatta,2150,"18 Glebe Street, Parramatta NSW 2150",2025-01-10,1850000,3,1,1,423.7,423.7,House,https://www.realestate.com.au/sold/property-house-in-parramatta/list-2,,sold_search_page_only,available,no,Land size retained from the sold-search dataset.
63,Parramatta,2150,"10 Fennell Street, Parramatta NSW 2150",2024-12-20,1800000,3,1,1,685,685,House,https://www.realestate.com.au/sold/property-house-in-parramatta/list-2,https://www.realestate.com.au/property/10-fennell-st-parramatta-nsw-2150/,individual_property_page_checked,recovered,no,Missing land size recovered from the individual Realestate.com.au property page.
64,Parramatta,2150,"5 Gould Place, Parramatta NSW 2150",2024-12-07,2002000,3,1,2,358,358,House,https://www.realestate.com.au/sold/property-house-in-parramatta/list-2,https://www.realestate.com.au/property/5-gould-pl-parramatta-nsw-2150/,individual_property_page_checked,recovered,no,Missing land size recovered from the individual Realestate.com.au property page.
65,Parramatta,2150,"13 Gore Street, Parramatta NSW 2150",2024-11-23,1560000,3,2,2,463,463,House,https://www.realestate.com.au/sold/property-house-in-parramatta/list-2,https://www.realestate.com.au/property/13-gore-st-parramatta-nsw-2150/,individual_property_page_checked,recovered,no,Missing land size recovered from the individual Realestate.com.au property page.
66,Parramatta,2150,"133 Victoria Road, Parramatta NSW 2150",2024-11-02,1500000,4,2,2,697.0,697.0,House,https://www.realestate.com.au/sold/property-house-in-parramatta/list-2,,sold_search_page_only,available,no,Land size retained from the sold-search dataset.
67,Parramatta,2150,"37 Morton Street, Parramatta NSW 2150",2024-09-07,2060000,4,3,2,455.0,455.0,House,https://www.realestate.com.au/sold/property-house-in-parramatta/list-2,,sold_search_page_only,available,no,Land size retained from the sold-search dataset.
68,Parramatta,2150,"26 Glebe Street, Parramatta NSW 2150",2024-09-06,1950000,4,1,1,619.7,619.7,House,https://www.realestate.com.au/sold/property-house-in-parramatta/list-2,,sold_search_page_only,available,no,Land size retained from the sold-search dataset.
69,Parramatta,2150,"39 Thomas Street, Parramatta NSW 2150",2024-08-22,2175000,4,2,2,701.9,701.9,House,https://www.realestate.com.au/sold/property-house-in-parramatta/list-2,,sold_search_page_only,available,no,Land size retained from the sold-search dataset.
70,Parramatta,2150,"171 George Street, Parramatta NSW 2150",2024-08-11,3502000,3,1,1,1060.0,1060.0,House,https://www.realestate.com.au/sold/property-house-in-parramatta/list-2,,sold_search_page_only,available,no,Land size retained from the sold-search dataset.
71,Campbelltown,2560,"41 Randolph Street, Campbelltown NSW 2560",2026-09-24,1025000,4,2,2,556.0,556.0,House,"https://www.realestate.com.au/sold/property-house-in-campbelltown,+nsw+2560/list-1",,sold_search_page_only,available,no,Land size retained from the sold-search dataset.
72,Campbelltown,2560,"4 Carcoola Street, Campbelltown NSW 2560",2026-09-22,1200000,5,2,2,689.0,689.0,House,"https://www.realestate.com.au/sold/property-house-in-campbelltown,+nsw+2560/list-1",,sold_search_page_only,available,no,Land size retained from the sold-search dataset.
73,Campbelltown,2560,"16/7-9 King Street, Campbelltown NSW 2560",2026-09-22,527000,2,2,1,,3504,House,"https://www.realestate.com.au/sold/property-house-in-campbelltown,+nsw+2560/list-1",https://www.realestate.com.au/property/unit-16-7-9-king-st-campbelltown-nsw-2560/,individual_property_page_checked,shared_or_strata_parcel_excluded,yes,"Realestate.com.au reports a land area for the property/complex, but the slash address may indicate a strata/shared parcel; reported value retained separately and excluded from model-ready land_size_m2."
74,Campbelltown,2560,"1/15 Bairin Street, Campbelltown NSW 2560",2026-09-16,775000,3,1,2,,482,House,"https://www.realestate.com.au/sold/property-house-in-campbelltown,+nsw+2560/list-1",https://www.realestate.com.au/property/unit-1-15-bairin-st-campbelltown-nsw-2560/,individual_property_page_checked,shared_or_strata_parcel_excluded,yes,"Realestate.com.au reports a land area for the property/complex, but the slash address may indicate a strata/shared parcel; reported value retained separately and excluded from model-ready land_size_m2."
75,Campbelltown,2560,"5/167 Waminda Avenue, Campbelltown NSW 2560",2026-09-14,510000,2,1,1,,1329,House,"https://www.realestate.com.au/sold/property-house-in-campbelltown,+nsw+2560/list-1",https://www.realestate.com.au/property/unit-5-167-waminda-ave-campbelltown-nsw-2560/,individual_property_page_checked,shared_or_strata_parcel_excluded,yes,"Realestate.com.au reports a land area for the property/complex, but the slash address may indicate a strata/shared parcel; reported value retained separately and excluded from model-ready land_size_m2."
76,Campbelltown,2560,"133 Dumaresq Street, Campbelltown NSW 2560",2026-08-29,951000,3,1,0,701.9,701.9,House,"https://www.realestate.com.au/sold/property-house-in-campbelltown,+nsw+2560/list-1",https://www.realestate.com.au/property/133-dumaresq-st-campbelltown-nsw-2560/,individual_property_page_checked,available,no,Land size retained from the sold-search dataset.
77,Campbelltown,2560,"61 Macquarie Avenue, Campbelltown NSW 2560",2026-08-28,970500,4,2,2,669.0,669.0,House,"https://www.realestate.com.au/sold/property-house-in-campbelltown,+nsw+2560/list-1",,sold_search_page_only,available,no,Land size retained from the sold-search dataset.
78,Campbelltown,2560,"5/32 Broughton St, Campbelltown NSW 2560",2026-08-17,620000,3,1,1,,1233,House,"https://www.realestate.com.au/sold/property-house-in-campbelltown,+nsw+2560/list-1",https://www.realestate.com.au/property/unit-5-32-broughton-st-campbelltown-nsw-2560/,individual_property_page_checked,shared_or_strata_parcel_excluded,yes,"Realestate.com.au reports a land area for the property/complex, but the slash address may indicate a strata/shared parcel; reported value retained separately and excluded from model-ready land_size_m2."
79,Campbelltown,2560,"14B Ehrlich Street, Campbelltown NSW 2560",2026-08-12,735000,2,2,1,76,76,House,"https://www.realestate.com.au/sold/property-house-in-campbelltown,+nsw+2560/list-1",https://www.realestate.com.au/property/14b-ehrlich-st-campbelltown-nsw-2560/,individual_property_page_checked,recovered,no,Missing land size recovered from the individual Realestate.com.au property page.
80,Campbelltown,2560,"12 Valinda Crescent, Campbelltown NSW 2560",2026-08-10,950000,3,1,1,645.0,645.0,House,"https://www.realestate.com.au/sold/property-house-in-campbelltown,+nsw+2560/list-1",,sold_search_page_only,available,no,Land size retained from the sold-search dataset.
81,Campbelltown,2560,"46 and 46a Farnsworth Avenue, Campbelltown NSW 2560",2026-07-27,1185000,5,2,2,734.0,734.0,House,"https://www.realestate.com.au/sold/property-house-in-campbelltown,+nsw+2560/list-1",,sold_search_page_only,available,no,Land size retained from the sold-search dataset.
82,Campbelltown,2560,"6/105 Broughton Street, Campbelltown NSW 2560",2026-07-24,575000,3,1,1,,3977.0,House,"https://www.realestate.com.au/sold/property-house-in-campbelltown,+nsw+2560/list-1",,sold_search_page_only,shared_or_strata_parcel_excluded,yes,"Realestate.com.au reports a land area for the property/complex, but the slash address may indicate a strata/shared parcel; reported value retained separately and excluded from model-ready land_size_m2."
83,Campbelltown,2560,"40 Waminda Avenue, Campbelltown NSW 2560",2026-07-22,930000,4,1,1,554.0,554.0,House,"https://www.realestate.com.au/sold/property-house-in-campbelltown,+nsw+2560/list-1",,sold_search_page_only,available,no,Land size retained from the sold-search dataset.
84,Campbelltown,2560,"31 Grandview Drive, Campbelltown NSW 2560",2026-07-21,820000,2,1,0,758.0,758.0,House,"https://www.realestate.com.au/sold/property-house-in-campbelltown,+nsw+2560/list-1",https://www.realestate.com.au/property/31-grandview-dr-campbelltown-nsw-2560/,individual_property_page_checked,available,no,Land size retained from the sold-search dataset.
85,Campbelltown,2560,"149 A Dumaresq Street, Campbelltown NSW 2560",2026-07-17,1195000,6,3,1,368.0,368.0,House,"https://www.realestate.com.au/sold/property-house-in-campbelltown,+nsw+2560/list-1",,sold_search_page_only,available,no,Land size retained from the sold-search dataset.
86,Campbelltown,2560,"198 Broughton Street, Campbelltown NSW 2560",2026-07-14,1160555,6,2,1,639.0,639.0,House,"https://www.realestate.com.au/sold/property-house-in-campbelltown,+nsw+2560/list-1",,sold_search_page_only,available,no,Land size retained from the sold-search dataset.
87,Campbelltown,2560,"48 Gilchrist Drive, Campbelltown NSW 2560",2026-07-10,965000,3,2,2,373,373,House,"https://www.realestate.com.au/sold/property-house-in-campbelltown,+nsw+2560/list-1",https://www.realestate.com.au/property/48-gilchrist-dr-campbelltown-nsw-2560/,individual_property_page_checked,recovered,no,Missing land size recovered from the individual Realestate.com.au property page.
88,Campbelltown,2560,"28 & 28A Westview Street, Campbelltown NSW 2560",2026-07-08,1750000,7,4,2,510.9,510.9,House,"https://www.realestate.com.au/sold/property-house-in-campbelltown,+nsw+2560/list-1",,sold_search_page_only,available,no,Land size retained from the sold-search dataset.
89,Campbelltown,2560,"5 Lachlan Place, Campbelltown NSW 2560",2026-07-02,990000,3,1,2,961.0,961.0,House,"https://www.realestate.com.au/sold/property-house-in-campbelltown,+nsw+2560/list-1",,sold_search_page_only,available,no,Land size retained from the sold-search dataset.
90,Campbelltown,2560,"61 Broughton Street, Campbelltown NSW 2560",2026-06-19,1600000,3,1,0,1201.0,1201.0,House,"https://www.realestate.com.au/sold/property-house-in-campbelltown,+nsw+2560/list-1",https://www.realestate.com.au/property/61-broughton-st-campbelltown-nsw-2560/,individual_property_page_checked,available,no,Land size retained from the sold-search dataset.
91,Campbelltown,2560,"11 Manning Street, Campbelltown NSW 2560",2026-06-19,1020000,4,2,4,556.4,556.4,House,"https://www.realestate.com.au/sold/property-house-in-campbelltown,+nsw+2560/list-1",,sold_search_page_only,available,no,Land size retained from the sold-search dataset.
92,Campbelltown,2560,"9 Yennora Street, Campbelltown NSW 2560",2026-06-19,885000,3,1,1,551.0,551.0,House,"https://www.realestate.com.au/sold/property-house-in-campbelltown,+nsw+2560/list-2",,sold_search_page_only,available,no,Land size retained from the sold-search dataset.
93,Campbelltown,2560,"24 Poulton Terrace, Campbelltown NSW 2560",2026-06-16,1170000,4,2,2,415.0,415.0,House,"https://www.realestate.com.au/sold/property-house-in-campbelltown,+nsw+2560/list-2",,sold_search_page_only,available,no,Land size retained from the sold-search dataset.
94,Campbelltown,2560,"5 Dan Street, Campbelltown NSW 2560",2026-06-16,915000,3,1,1,567.0,567.0,House,"https://www.realestate.com.au/sold/property-house-in-campbelltown,+nsw+2560/list-2",,sold_search_page_only,available,no,Land size retained from the sold-search dataset.
95,Campbelltown,2560,"23 Allman Street, Campbelltown NSW 2560",2026-06-13,1220000,3,1,1,815.0,815.0,House,"https://www.realestate.com.au/sold/property-house-in-campbelltown,+nsw+2560/list-2",,sold_search_page_only,available,no,Land size retained from the sold-search dataset.
96,Campbelltown,2560,"47 Grandview Drive, Campbelltown NSW 2560",2026-06-12,920000,4,2,2,621.0,621.0,House,"https://www.realestate.com.au/sold/property-house-in-campbelltown,+nsw+2560/list-2",,sold_search_page_only,available,no,Land size retained from the sold-search dataset.
97,Campbelltown,2560,"132 Waminda Avenue, Campbelltown NSW 2560",2026-06-09,870000,2,1,2,606.0,606.0,House,"https://www.realestate.com.au/sold/property-house-in-campbelltown,+nsw+2560/list-2",,sold_search_page_only,available,no,Land size retained from the sold-search dataset.
98,Campbelltown,2560,"32 Oxley Street, Campbelltown NSW 2560",2026-06-05,1195000,4,2,1,486.0,486.0,House,"https://www.realestate.com.au/sold/property-house-in-campbelltown,+nsw+2560/list-2",,sold_search_page_only,available,no,Land size retained from the sold-search dataset.
99,Campbelltown,2560,"35 Canberra Crescent, Campbelltown NSW 2560",2026-06-01,915000,4,1,1,562.8,562.8,House,"https://www.realestate.com.au/sold/property-house-in-campbelltown,+nsw+2560/list-2",,sold_search_page_only,available,no,Land size retained from the sold-search dataset.
100,Campbelltown,2560,"22 Allman Street, Campbelltown NSW 2560",2026-05-25,1190000,3,1,1,898.0,898.0,House,"https://www.realestate.com.au/sold/property-house-in-campbelltown,+nsw+2560/list-2",,sold_search_page_only,available,no,Land size retained from the sold-search dataset.
101,Campbelltown,2560,"3 Albury Avenue, Campbelltown NSW 2560",2026-05-22,920000,3,1,1,556.0,556.0,House,"https://www.realestate.com.au/sold/property-house-in-campbelltown,+nsw+2560/list-2",,sold_search_page_only,available,no,Land size retained from the sold-search dataset.
102,Campbelltown,2560,"6 Callaway Avenue, Campbelltown NSW 2560",2026-05-21,1351500,4,2,2,390,390,House,"https://www.realestate.com.au/sold/property-house-in-campbelltown,+nsw+2560/list-2",https://www.realestate.com.au/property/6-callaway-ave-campbelltown-nsw-2560/,individual_property_page_checked,recovered,no,Missing land size recovered from the individual Realestate.com.au property page.
103,Campbelltown,2560,"101/26 Parkside Crescent, Campbelltown NSW 2560",2026-05-20,855000,3,2,1,,1347,House,"https://www.realestate.com.au/sold/property-house-in-campbelltown,+nsw+2560/list-2",https://www.realestate.com.au/property/unit-101-26-parkside-cres-campbelltown-nsw-2560/,individual_property_page_checked,shared_or_strata_parcel_excluded,yes,"Realestate.com.au reports a land area for the property/complex, but the slash address may indicate a strata/shared parcel; reported value retained separately and excluded from model-ready land_size_m2."
104,Campbelltown,2560,"64 Macquarie Avenue, Campbelltown NSW 2560",2026-05-09,1000000,3,1,2,556.4,556.4,House,"https://www.realestate.com.au/sold/property-house-in-campbelltown,+nsw+2560/list-2",,sold_search_page_only,available,no,Land size retained from the sold-search dataset.
105,Campbelltown,2560,"9 Farnsworth Avenue, Campbelltown NSW 2560",2026-05-06,1010000,3,1,2,670.3,670.3,House,"https://www.realestate.com.au/sold/property-house-in-campbelltown,+nsw+2560/list-2",,sold_search_page_only,available,no,Land size retained from the sold-search dataset.
